ALDER;KØN;TID;INDHOLD
0;1;2010;32435
0;1;2011;32628
0;1;2012;30184
0;1;2013;29991
0;1;2014;28751
0;1;2015;29375
0;1;2016;30049
0;1;2017;31971
0;1;2018;31624
0;1;2019;31754
0;1;2020;31649
0;2;2010;30743
0;2;2011;31111
0;2;2012;29122
0;2;2013;28255
0;2;2014;27410
0;2;2015;27755
0;2;2016;28556
0;2;2017;30054
0;2;2018;30107
0;2;2019;29979
0;2;2020;29817
1;1;2010;33984
1;1;2011;32714
1;1;2012;32854
1;1;2013;30402
1;1;2014;30273
1;1;2015;29064
1;1;2016;29750
1;1;2017;30364
1;1;2018;32226
1;1;2019;31799
1;1;2020;31880
1;2;2010;31993
1;2;2011;30951
1;2;2012;31314
1;2;2013;29316
1;2;2014;28448
1;2;2015;27684
1;2;2016;28144
1;2;2017;28889
1;2;2018;30282
1;2;2019;30247
1;2;2020;30036
2;1;2010;33380
2;1;2011;34125
2;1;2012;32813
2;1;2013;33032
2;1;2014;30596
2;1;2015;30485
2;1;2016;29459
2;1;2017;30069
2;1;2018;30524
2;1;2019;32318
2;1;2020;31833
2;2;2010;31825
2;2;2011;32110
2;2;2012;31029
2;2;2013;31390
2;2;2014;29450
2;2;2015;28649
2;2;2016;28025
2;2;2017;28451
2;2;2018;28999
2;2;2019;30357
2;2;2020;30315
3;1;2010;34034
3;1;2011;33490
3;1;2012;34207
3;1;2013;32921
3;1;2014;33151
3;1;2015;30753
3;1;2016;30834
3;1;2017;29675
3;1;2018;30231
3;1;2019;30563
3;1;2020;32347
3;2;2010;32214
3;2;2011;31916
3;2;2012;32151
3;2;2013;31085
3;2;2014;31487
3;2;2015;29636
3;2;2016;28969
3;2;2017;28302
3;2;2018;28600
3;2;2019;29045
3;2;2020;30350
4;1;2010;33339
4;1;2011;34127
4;1;2012;33582
4;1;2013;34325
4;1;2014;33021
4;1;2015;33324
4;1;2016;31038
4;1;2017;31101
4;1;2018;29754
4;1;2019;30260
4;1;2020;30577
4;2;2010;32120
4;2;2011;32323
4;2;2012;31947
4;2;2013;32239
4;2;2014;31195
4;2;2015;31643
4;2;2016;29924
4;2;2017;29187
4;2;2018;28451
4;2;2019;28641
4;2;2020;29084
5;1;2010;33465
5;1;2011;33361
5;1;2012;34137
5;1;2013;33629
5;1;2014;34421
5;1;2015;33171
5;1;2016;33643
5;1;2017;31315
5;1;2018;31183
5;1;2019;29828
5;1;2020;30308
5;2;2010;32081
5;2;2011;32171
5;2;2012;32369
5;2;2013;32014
5;2;2014;32321
5;2;2015;31375
5;2;2016;31973
5;2;2017;30169
5;2;2018;29295
5;2;2019;28524
5;2;2020;28685
6;1;2010;33553
6;1;2011;33556
6;1;2012;33419
6;1;2013;34197
6;1;2014;33742
6;1;2015;34598
6;1;2016;33495
6;1;2017;33846
6;1;2018;31402
6;1;2019;31250
6;1;2020;29872
6;2;2010;31981
6;2;2011;32091
6;2;2012;32178
6;2;2013;32437
6;2;2014;32080
6;2;2015;32485
6;2;2016;31652
6;2;2017;32201
6;2;2018;30303
6;2;2019;29390
6;2;2020;28543
7;1;2010;33373
7;1;2011;33579
7;1;2012;33577
7;1;2013;33446
7;1;2014;34266
7;1;2015;33877
7;1;2016;34918
7;1;2017;33738
7;1;2018;33940
7;1;2019;31439
7;1;2020;31307
7;2;2010;31568
7;2;2011;32004
7;2;2012;32116
7;2;2013;32230
7;2;2014;32496
7;2;2015;32245
7;2;2016;32763
7;2;2017;31898
7;2;2018;32296
7;2;2019;30359
7;2;2020;29438
8;1;2010;33671
8;1;2011;33427
8;1;2012;33649
8;1;2013;33628
8;1;2014;33567
8;1;2015;34436
8;1;2016;34180
8;1;2017;35147
8;1;2018;33872
8;1;2019;34033
8;1;2020;31510
8;2;2010;32305
8;2;2011;31612
8;2;2012;32018
8;2;2013;32173
8;2;2014;32294
8;2;2015;32617
8;2;2016;32492
8;2;2017;32974
8;2;2018;31999
8;2;2019;32353
8;2;2020;30416
9;1;2010;34689
9;1;2011;33693
9;1;2012;33447
9;1;2013;33695
9;1;2014;33739
9;1;2015;33709
9;1;2016;34688
9;1;2017;34430
9;1;2018;35294
9;1;2019;33963
9;1;2020;34130
9;2;2010;33188
9;2;2011;32373
9;2;2012;31638
9;2;2013;32071
9;2;2014;32220
9;2;2015;32434
9;2;2016;32821
9;2;2017;32725
9;2;2018;33097
9;2;2019;32114
9;2;2020;32392
10;1;2010;34294
10;1;2011;34729
10;1;2012;33741
10;1;2013;33498
10;1;2014;33751
10;1;2015;33886
10;1;2016;33963
10;1;2017;34893
10;1;2018;34533
10;1;2019;35361
10;1;2020;34062
10;2;2010;32922
10;2;2011;33225
10;2;2012;32399
10;2;2013;31669
10;2;2014;32158
10;2;2015;32413
10;2;2016;32656
10;2;2017;33014
10;2;2018;32820
10;2;2019;33180
10;2;2020;32192
11;1;2010;34644
11;1;2011;34343
11;1;2012;34791
11;1;2013;33797
11;1;2014;33562
11;1;2015;33909
11;1;2016;34105
11;1;2017;34129
11;1;2018;35009
11;1;2019;34617
11;1;2020;35382
11;2;2010;32890
11;2;2011;32980
11;2;2012;33299
11;2;2013;32476
11;2;2014;31749
11;2;2015;32302
11;2;2016;32598
11;2;2017;32858
11;2;2018;33146
11;2;2019;32909
11;2;2020;33267
12;1;2010;35439
12;1;2011;34687
12;1;2012;34400
12;1;2013;34841
12;1;2014;33874
12;1;2015;33665
12;1;2016;34130
12;1;2017;34281
12;1;2018;34244
12;1;2019;35124
12;1;2020;34682
12;2;2010;33630
12;2;2011;32937
12;2;2012;33034
12;2;2013;33387
12;2;2014;32548
12;2;2015;31863
12;2;2016;32463
12;2;2017;32741
12;2;2018;32925
12;2;2019;33251
12;2;2020;32991
13;1;2010;35681
13;1;2011;35511
13;1;2012;34750
13;1;2013;34455
13;1;2014;34897
13;1;2015;33998
13;1;2016;33870
13;1;2017;34292
13;1;2018;34391
13;1;2019;34310
13;1;2020;35201
13;2;2010;33833
13;2;2011;33670
13;2;2012;32967
13;2;2013;33094
13;2;2014;33474
13;2;2015;32663
13;2;2016;32017
13;2;2017;32636
13;2;2018;32876
13;2;2019;33035
13;2;2020;33322
14;1;2010;37062
14;1;2011;35737
14;1;2012;35586
14;1;2013;34863
14;1;2014;34544
14;1;2015;35052
14;1;2016;34227
14;1;2017;34066
14;1;2018;34394
14;1;2019;34491
14;1;2020;34417
14;2;2010;34982
14;2;2011;33906
14;2;2012;33740
14;2;2013;33040
14;2;2014;33185
14;2;2015;33581
14;2;2016;32872
14;2;2017;32152
14;2;2018;32753
14;2;2019;32976
14;2;2020;33113
15;1;2010;37064
15;1;2011;37173
15;1;2012;35876
15;1;2013;35710
15;1;2014;34988
15;1;2015;34743
15;1;2016;35333
15;1;2017;34489
15;1;2018;34265
15;1;2019;34562
15;1;2020;34643
15;2;2010;35482
15;2;2011;35137
15;2;2012;34011
15;2;2013;33883
15;2;2014;33186
15;2;2015;33376
15;2;2016;33794
15;2;2017;33066
15;2;2018;32349
15;2;2019;32950
15;2;2020;33125
16;1;2010;36169
16;1;2011;37315
16;1;2012;37383
16;1;2013;36099
16;1;2014;35966
16;1;2015;35305
16;1;2016;35107
16;1;2017;35704
16;1;2018;34837
16;1;2019;34497
16;1;2020;34775
16;2;2010;34313
16;2;2011;35705
16;2;2012;35357
16;2;2013;34179
16;2;2014;34107
16;2;2015;33517
16;2;2016;33665
16;2;2017;34135
16;2;2018;33364
16;2;2019;32645
16;2;2020;33173
17;1;2010;36576
17;1;2011;36228
17;1;2012;37431
17;1;2013;37455
17;1;2014;36175
17;1;2015;36085
17;1;2016;35572
17;1;2017;35408
17;1;2018;35837
17;1;2019;34823
17;1;2020;34560
17;2;2010;34588
17;2;2011;34387
17;2;2012;35773
17;2;2013;35379
17;2;2014;34332
17;2;2015;34221
17;2;2016;33715
17;2;2017;33852
17;2;2018;34278
17;2;2019;33437
17;2;2020;32744
18;1;2010;34915
18;1;2011;36686
18;1;2012;36329
18;1;2013;37572
18;1;2014;37683
18;1;2015;36433
18;1;2016;36543
18;1;2017;35960
18;1;2018;35665
18;1;2019;36072
18;1;2020;35025
18;2;2010;33236
18;2;2011;34690
18;2;2012;34511
18;2;2013;35919
18;2;2014;35572
18;2;2015;34540
18;2;2016;34588
18;2;2017;34048
18;2;2018;34116
18;2;2019;34494
18;2;2020;33614
19;1;2010;35233
19;1;2011;35425
19;1;2012;37246
19;1;2013;36981
19;1;2014;38218
19;1;2015;38523
19;1;2016;37413
19;1;2017;37428
19;1;2018;36675
19;1;2019;36320
19;1;2020;36640
19;2;2010;33352
19;2;2011;33720
19;2;2012;35208
19;2;2013;35047
19;2;2014;36519
19;2;2015;36161
19;2;2016;35234
19;2;2017;35260
19;2;2018;34594
19;2;2019;34615
19;2;2020;34983
20;1;2010;34474
20;1;2011;35744
20;1;2012;36083
20;1;2013;37928
20;1;2014;37627
20;1;2015;38979
20;1;2016;39564
20;1;2017;38239
20;1;2018;38176
20;1;2019;37348
20;1;2020;36827
20;2;2010;32954
20;2;2011;34032
20;2;2012;34738
20;2;2013;36018
20;2;2014;35843
20;2;2015;37231
20;2;2016;37425
20;2;2017;36333
20;2;2018;36409
20;2;2019;35472
20;2;2020;35304
21;1;2010;33892
21;1;2011;35076
21;1;2012;36585
21;1;2013;36674
21;1;2014;38578
21;1;2015;38246
21;1;2016;40044
21;1;2017;40279
21;1;2018;38974
21;1;2019;38759
21;1;2020;37812
21;2;2010;32633
21;2;2011;33801
21;2;2012;35208
21;2;2013;35457
21;2;2014;36950
21;2;2015;36637
21;2;2016;38426
21;2;2017;38288
21;2;2018;37320
21;2;2019;37047
21;2;2020;36089
22;1;2010;32988
22;1;2011;34353
22;1;2012;35546
22;1;2013;36904
22;1;2014;37136
22;1;2015;39039
22;1;2016;39139
22;1;2017;40709
22;1;2018;40766
22;1;2019;39456
22;1;2020;39044
22;2;2010;31587
22;2;2011;33191
22;2;2012;34497
22;2;2013;35693
22;2;2014;35939
22;2;2015;37421
22;2;2016;37463
22;2;2017;39191
22;2;2018;38954
22;2;2019;37850
22;2;2020;37418
23;1;2010;33000
23;1;2011;33480
23;1;2012;34880
23;1;2013;36187
23;1;2014;37492
23;1;2015;37800
23;1;2016;40081
23;1;2017;40061
23;1;2018;41381
23;1;2019;41330
23;1;2020;39767
23;2;2010;31683
23;2;2011;32192
23;2;2012;33734
23;2;2013;35150
23;2;2014;36357
23;2;2015;36619
23;2;2016;38339
23;2;2017;38338
23;2;2018;39917
23;2;2019;39511
23;2;2020;38262
24;1;2010;32064
24;1;2011;33344
24;1;2012;33727
24;1;2013;35357
24;1;2014;36762
24;1;2015;38170
24;1;2016;38770
24;1;2017;40846
24;1;2018;40642
24;1;2019;41754
24;1;2020;41504
24;2;2010;31260
24;2;2011;32246
24;2;2012;32477
24;2;2013;34257
24;2;2014;35590
24;2;2015;36898
24;2;2016;37498
24;2;2017;39038
24;2;2018;39033
24;2;2019;40463
24;2;2020;39864
25;1;2010;30911
25;1;2011;32248
25;1;2012;33477
25;1;2013;34078
25;1;2014;35815
25;1;2015;37229
25;1;2016;39081
25;1;2017;39395
25;1;2018;41297
25;1;2019;40863
25;1;2020;41928
25;2;2010;30408
25;2;2011;31692
25;2;2012;32421
25;2;2013;32926
25;2;2014;34651
25;2;2015;35995
25;2;2016;37556
25;2;2017;38096
25;2;2018;39476
25;2;2019;39340
25;2;2020;40510
26;1;2010;30251
26;1;2011;31189
26;1;2012;32491
26;1;2013;33753
26;1;2014;34438
26;1;2015;36238
26;1;2016;37992
26;1;2017;39611
26;1;2018;39685
26;1;2019;41542
26;1;2020;40937
26;2;2010;30151
26;2;2011;30720
26;2;2012;31914
26;2;2013;32701
26;2;2014;33293
26;2;2015;34954
26;2;2016;36601
26;2;2017;37926
26;2;2018;38400
26;2;2019;39656
26;2;2020;39252
27;1;2010;31251
27;1;2011;30545
27;1;2012;31338
27;1;2013;32718
27;1;2014;34085
27;1;2015;34884
27;1;2016;37034
27;1;2017;38426
27;1;2018;39988
27;1;2019;39898
27;1;2020;41554
27;2;2010;30658
27;2;2011;30493
27;2;2012;30904
27;2;2013;32152
27;2;2014;32955
27;2;2015;33564
27;2;2016;35444
27;2;2017;37003
27;2;2018;38250
27;2;2019;38599
27;2;2020;39611
28;1;2010;30846
28;1;2011;31525
28;1;2012;30566
28;1;2013;31548
28;1;2014;33010
28;1;2015;34479
28;1;2016;35678
28;1;2017;37465
28;1;2018;38737
28;1;2019;40156
28;1;2020;39904
28;2;2010;30951
28;2;2011;30913
28;2;2012;30571
28;2;2013;31056
28;2;2014;32393
28;2;2015;33090
28;2;2016;33997
28;2;2017;35869
28;2;2018;37212
28;2;2019;38469
28;2;2020;38593
29;1;2010;32698
29;1;2011;31041
29;1;2012;31555
29;1;2013;30650
29;1;2014;31851
29;1;2015;33331
29;1;2016;35087
29;1;2017;36085
29;1;2018;37639
29;1;2019;38972
29;1;2020;40085
29;2;2010;32845
29;2;2011;31182
29;2;2012;30953
29;2;2013;30640
29;2;2014;31216
29;2;2015;32594
29;2;2016;33513
29;2;2017;34241
29;2;2018;36093
29;2;2019;37394
29;2;2020;38436
30;1;2010;33363
30;1;2011;32918
30;1;2012;31113
30;1;2013;31684
30;1;2014;30923
30;1;2015;32308
30;1;2016;33978
30;1;2017;35526
30;1;2018;36313
30;1;2019;37768
30;1;2020;38816
30;2;2010;33449
30;2;2011;32966
30;2;2012;31098
30;2;2013;30969
30;2;2014;30765
30;2;2015;31325
30;2;2016;32966
30;2;2017;33792
30;2;2018;34434
30;2;2019;36170
30;2;2020;37393
31;1;2010;34603
31;1;2011;33557
31;1;2012;33014
31;1;2013;31250
31;1;2014;31985
31;1;2015;31384
31;1;2016;32883
31;1;2017;34270
31;1;2018;35720
31;1;2019;36357
31;1;2020;37747
31;2;2010;34407
31;2;2011;33527
31;2;2012;33031
31;2;2013;31121
31;2;2014;31092
31;2;2015;30922
31;2;2016;31678
31;2;2017;33241
31;2;2018;33879
31;2;2019;34504
31;2;2020;36056
32;1;2010;34437
32;1;2011;34664
32;1;2012;33644
32;1;2013;33162
32;1;2014;31534
32;1;2015;32363
32;1;2016;31955
32;1;2017;33238
32;1;2018;34477
32;1;2019;35744
32;1;2020;36217
32;2;2010;34208
32;2;2011;34456
32;2;2012;33569
32;2;2013;33060
32;2;2014;31265
32;2;2015;31237
32;2;2016;31209
32;2;2017;31899
32;2;2018;33446
32;2;2019;34043
32;2;2020;34463
33;1;2010;36046
33;1;2011;34468
33;1;2012;34726
33;1;2013;33751
33;1;2014;33304
33;1;2015;31864
33;1;2016;32842
33;1;2017;32241
33;1;2018;33344
33;1;2019;34553
33;1;2020;35612
33;2;2010;35411
33;2;2011;34362
33;2;2012;34478
33;2;2013;33648
33;2;2014;33202
33;2;2015;31500
33;2;2016;31567
33;2;2017;31450
33;2;2018;32033
33;2;2019;33575
33;2;2020;34014
34;1;2010;38629
34;1;2011;36135
34;1;2012;34541
34;1;2013;34842
34;1;2014;34016
34;1;2015;33607
34;1;2016;32279
34;1;2017;33032
34;1;2018;32373
34;1;2019;33424
34;1;2020;34443
34;2;2010;38816
34;2;2011;35540
34;2;2012;34407
34;2;2013;34576
34;2;2014;33804
34;2;2015;33359
34;2;2016;31811
34;2;2017;31857
34;2;2018;31638
34;2;2019;32136
34;2;2020;33585
35;1;2010;38170
35;1;2011;38704
35;1;2012;36089
35;1;2013;34598
35;1;2014;35012
35;1;2015;34313
35;1;2016;34043
35;1;2017;32517
35;1;2018;33208
35;1;2019;32535
35;1;2020;33311
35;2;2010;38140
35;2;2011;38935
35;2;2012;35631
35;2;2013;34498
35;2;2014;34717
35;2;2015;33954
35;2;2016;33672
35;2;2017;32026
35;2;2018;32061
35;2;2019;31713
35;2;2020;32167
36;1;2010;38407
36;1;2011;38270
36;1;2012;38716
36;1;2013;36142
36;1;2014;34728
36;1;2015;35237
36;1;2016;34660
36;1;2017;34260
36;1;2018;32657
36;1;2019;33355
36;1;2020;32379
36;2;2010;38095
36;2;2011;38253
36;2;2012;38978
36;2;2013;35679
36;2;2014;34624
36;2;2015;34855
36;2;2016;34236
36;2;2017;33886
36;2;2018;32185
36;2;2019;32171
36;2;2020;31710
37;1;2010;39964
37;1;2011;38418
37;1;2012;38261
37;1;2013;38717
37;1;2014;36254
37;1;2015;34979
37;1;2016;35528
37;1;2017;34860
37;1;2018;34281
37;1;2019;32680
37;1;2020;33255
37;2;2010;39846
37;2;2011;38176
37;2;2012;38279
37;2;2013;39081
37;2;2014;35811
37;2;2015;34791
37;2;2016;35108
37;2;2017;34399
37;2;2018;34016
37;2;2019;32245
37;2;2020;32197
38;1;2010;40024
38;1;2011;40010
38;1;2012;38386
38;1;2013;38288
38;1;2014;38805
38;1;2015;36509
38;1;2016;35273
38;1;2017;35704
38;1;2018;34909
38;1;2019;34418
38;1;2020;32673
38;2;2010;38961
38;2;2011;39914
38;2;2012;38202
38;2;2013;38333
38;2;2014;39194
38;2;2015;35921
38;2;2016;34989
38;2;2017;35279
38;2;2018;34502
38;2;2019;34102
38;2;2020;32275
39;1;2010;38214
39;1;2011;40057
39;1;2012;39936
39;1;2013;38383
39;1;2014;38402
39;1;2015;39003
39;1;2016;36820
39;1;2017;35341
39;1;2018;35800
39;1;2019;35070
39;1;2020;34359
39;2;2010;37572
39;2;2011;39051
39;2;2012;39937
39;2;2013;38252
39;2;2014;38388
39;2;2015;39303
39;2;2016;36096
39;2;2017;35151
39;2;2018;35389
39;2;2019;34598
39;2;2020;34136
40;1;2010;38326
40;1;2011;38160
40;1;2012;39931
40;1;2013;39925
40;1;2014;38454
40;1;2015;38556
40;1;2016;39242
40;1;2017;36920
40;1;2018;35395
40;1;2019;35825
40;1;2020;34974
40;2;2010;37252
40;2;2011;37648
40;2;2012;39064
40;2;2013;39996
40;2;2014;38329
40;2;2015;38523
40;2;2016;39471
40;2;2017;36236
40;2;2018;35185
40;2;2019;35476
40;2;2020;34606
41;1;2010;39790
41;1;2011;38315
41;1;2012;38143
41;1;2013;39916
41;1;2014;39971
41;1;2015;38565
41;1;2016;38774
41;1;2017;39358
41;1;2018;36982
41;1;2019;35467
41;1;2020;35753
41;2;2010;38396
41;2;2011;37306
41;2;2012;37669
41;2;2013;39131
41;2;2014;40013
41;2;2015;38379
41;2;2016;38676
41;2;2017;39565
41;2;2018;36340
41;2;2019;35285
41;2;2020;35548
42;1;2010;42457
42;1;2011;39756
42;1;2012;38194
42;1;2013;38172
42;1;2014;39928
42;1;2015;40171
42;1;2016;38729
42;1;2017;38916
42;1;2018;39430
42;1;2019;36995
42;1;2020;35440
42;2;2010;41351
42;2;2011;38465
42;2;2012;37325
42;2;2013;37693
42;2;2014;39193
42;2;2015;40122
42;2;2016;38507
42;2;2017;38766
42;2;2018;39649
42;2;2019;36425
42;2;2020;35315
43;1;2010;45694
43;1;2011;42421
43;1;2012;39713
43;1;2013;38172
43;1;2014;38164
43;1;2015;40011
43;1;2016;40334
43;1;2017;38743
43;1;2018;38935
43;1;2019;39463
43;1;2020;36910
43;2;2010;44254
43;2;2011;41349
43;2;2012;38482
43;2;2013;37366
43;2;2014;37741
43;2;2015;39262
43;2;2016;40257
43;2;2017;38601
43;2;2018;38881
43;2;2019;39720
43;2;2020;36466
44;1;2010;44069
44;1;2011;45591
44;1;2012;42302
44;1;2013;39665
44;1;2014;38134
44;1;2015;38187
44;1;2016;40190
44;1;2017;40394
44;1;2018;38777
44;1;2019;38963
44;1;2020;39408
44;2;2010;42984
44;2;2011;44295
44;2;2012;41361
44;2;2013;38507
44;2;2014;37403
44;2;2015;37828
44;2;2016;39340
44;2;2017;40372
44;2;2018;38681
44;2;2019;38946
44;2;2020;39739
45;1;2010;43338
45;1;2011;43975
45;1;2012;45482
45;1;2013;42267
45;1;2014;39667
45;1;2015;38193
45;1;2016;38310
45;1;2017;40220
45;1;2018;40415
45;1;2019;38790
45;1;2020;38932
45;2;2010;41740
45;2;2011;42983
45;2;2012;44238
45;2;2013;41341
45;2;2014;38540
45;2;2015;37424
45;2;2016;37920
45;2;2017;39403
45;2;2018;40445
45;2;2019;38711
45;2;2020;38986
46;1;2010;42126
46;1;2011;43246
46;1;2012;43900
46;1;2013;45376
46;1;2014;42210
46;1;2015;39701
46;1;2016;38288
46;1;2017;38352
46;1;2018;40222
46;1;2019;40416
46;1;2020;38709
46;2;2010;41133
46;2;2011;41731
46;2;2012;42939
46;2;2013;44261
46;2;2014;41353
46;2;2015;38619
46;2;2016;37480
46;2;2017;37983
46;2;2018;39442
46;2;2019;40455
46;2;2020;38742
47;1;2010;39857
47;1;2011;42021
47;1;2012;43053
47;1;2013;43814
47;1;2014;45307
47;1;2015;42190
47;1;2016;39766
47;1;2017;38325
47;1;2018;38291
47;1;2019;40196
47;1;2020;40308
47;2;2010;38822
47;2;2011;41113
47;2;2012;41703
47;2;2013;42912
47;2;2014;44259
47;2;2015;41402
47;2;2016;38691
47;2;2017;37470
47;2;2018;38038
47;2;2019;39491
47;2;2020;40482
48;1;2010;38626
48;1;2011;39724
48;1;2012;41898
48;1;2013;42961
48;1;2014;43704
48;1;2015;45251
48;1;2016;42165
48;1;2017;39766
48;1;2018;38293
48;1;2019;38211
48;1;2020;40095
48;2;2010;37830
48;2;2011;38847
48;2;2012;41058
48;2;2013;41671
48;2;2014;42905
48;2;2015;44269
48;2;2016;41450
48;2;2017;38726
48;2;2018;37502
48;2;2019;38048
48;2;2020;39494
49;1;2010;38600
49;1;2011;38480
49;1;2012;39559
49;1;2013;41768
49;1;2014;42827
49;1;2015;43687
49;1;2016;45296
49;1;2017;42144
49;1;2018;39705
49;1;2019;38225
49;1;2020;38101
49;2;2010;37763
49;2;2011;37784
49;2;2012;38761
49;2;2013;40980
49;2;2014;41653
49;2;2015;42868
49;2;2016;44273
49;2;2017;41452
49;2;2018;38736
49;2;2019;37540
49;2;2020;38040
50;1;2010;36822
50;1;2011;38441
50;1;2012;38316
50;1;2013;39383
50;1;2014;41615
50;1;2015;42752
50;1;2016;43661
50;1;2017;45246
50;1;2018;42104
50;1;2019;39650
50;1;2020;38111
50;2;2010;36329
50;2;2011;37690
50;2;2012;37693
50;2;2013;38708
50;2;2014;40964
50;2;2015;41622
50;2;2016;42863
50;2;2017;44255
50;2;2018;41432
50;2;2019;38755
50;2;2020;37517
51;1;2010;36885
51;1;2011;36653
51;1;2012;38266
51;1;2013;38174
51;1;2014;39247
51;1;2015;41509
51;1;2016;42697
51;1;2017;43561
51;1;2018;45140
51;1;2019;42011
51;1;2020;39539
51;2;2010;36370
51;2;2011;36260
51;2;2012;37594
51;2;2013;37645
51;2;2014;38655
51;2;2015;40904
51;2;2016;41571
51;2;2017;42861
51;2;2018;44208
51;2;2019;41424
51;2;2020;38723
52;1;2010;36609
52;1;2011;36712
52;1;2012;36475
52;1;2013;38105
52;1;2014;38022
52;1;2015;39126
52;1;2016;41366
52;1;2017;42595
52;1;2018;43458
52;1;2019;45003
52;1;2020;41893
52;2;2010;36140
52;2;2011;36285
52;2;2012;36171
52;2;2013;37500
52;2;2014;37599
52;2;2015;38599
52;2;2016;40878
52;2;2017;41523
52;2;2018;42823
52;2;2019;44139
52;2;2020;41382
53;1;2010;36760
53;1;2011;36379
53;1;2012;36513
53;1;2013;36328
53;1;2014;37941
53;1;2015;37885
53;1;2016;38996
53;1;2017;41312
53;1;2018;42473
53;1;2019;43327
53;1;2020;44836
53;2;2010;36395
53;2;2011;36022
53;2;2012;36218
53;2;2013;36056
53;2;2014;37419
53;2;2015;37533
53;2;2016;38541
53;2;2017;40805
53;2;2018;41442
53;2;2019;42760
53;2;2020;44070
54;1;2010;36271
54;1;2011;36519
54;1;2012;36151
54;1;2013;36344
54;1;2014;36097
54;1;2015;37828
54;1;2016;37722
54;1;2017;38867
54;1;2018;41188
54;1;2019;42302
54;1;2020;43154
54;2;2010;35716
54;2;2011;36264
54;2;2012;35880
54;2;2013;36127
54;2;2014;35937
54;2;2015;37339
54;2;2016;37479
54;2;2017;38468
54;2;2018;40743
54;2;2019;41410
54;2;2020;42681
55;1;2010;35072
55;1;2011;36005
55;1;2012;36277
55;1;2013;35939
55;1;2014;36179
55;1;2015;35913
55;1;2016;37697
55;1;2017;37559
55;1;2018;38673
55;1;2019;41012
55;1;2020;42118
55;2;2010;35290
55;2;2011;35570
55;2;2012;36113
55;2;2013;35761
55;2;2014;36055
55;2;2015;35825
55;2;2016;37224
55;2;2017;37370
55;2;2018;38407
55;2;2019;40618
55;2;2020;41290
56;1;2010;35671
56;1;2011;34798
56;1;2012;35723
56;1;2013;36002
56;1;2014;35747
56;1;2015;35968
56;1;2016;35776
56;1;2017;37488
56;1;2018;37343
56;1;2019;38510
56;1;2020;40823
56;2;2010;35667
56;2;2011;35153
56;2;2012;35421
56;2;2013;35963
56;2;2014;35615
56;2;2015;35953
56;2;2016;35726
56;2;2017;37144
56;2;2018;37273
56;2;2019;38305
56;2;2020;40491
57;1;2010;34822
57;1;2011;35366
57;1;2012;34542
57;1;2013;35446
57;1;2014;35739
57;1;2015;35530
57;1;2016;35783
57;1;2017;35523
57;1;2018;37267
57;1;2019;37135
57;1;2020;38273
57;2;2010;34953
57;2;2011;35484
57;2;2012;34972
57;2;2013;35260
57;2;2014;35819
57;2;2015;35505
57;2;2016;35819
57;2;2017;35620
57;2;2018;37024
57;2;2019;37142
57;2;2020;38166
58;1;2010;34285
58;1;2011;34546
58;1;2012;35085
58;1;2013;34255
58;1;2014;35196
58;1;2015;35477
58;1;2016;35285
58;1;2017;35569
58;1;2018;35279
58;1;2019;36986
58;1;2020;36902
58;2;2010;34072
58;2;2011;34784
58;2;2012;35296
58;2;2013;34805
58;2;2014;35111
58;2;2015;35690
58;2;2016;35379
58;2;2017;35689
58;2;2018;35508
58;2;2019;36882
58;2;2020;37049
59;1;2010;34769
59;1;2011;33944
59;1;2012;34229
59;1;2013;34821
59;1;2014;33947
59;1;2015;34927
59;1;2016;35250
59;1;2017;35041
59;1;2018;35292
59;1;2019;35028
59;1;2020;36703
59;2;2010;35403
59;2;2011;33893
59;2;2012;34585
59;2;2013;35129
59;2;2014;34638
59;2;2015;34993
59;2;2016;35535
59;2;2017;35207
59;2;2018;35547
59;2;2019;35376
59;2;2020;36723
60;1;2010;34416
60;1;2011;34427
60;1;2012;33644
60;1;2013;33880
60;1;2014;34463
60;1;2015;33666
60;1;2016;34648
60;1;2017;34955
60;1;2018;34759
60;1;2019;35017
60;1;2020;34730
60;2;2010;35070
60;2;2011;35198
60;2;2012;33699
60;2;2013;34380
60;2;2014;34935
60;2;2015;34485
60;2;2016;34807
60;2;2017;35371
60;2;2018;35051
60;2;2019;35358
60;2;2020;35205
61;1;2010;36093
61;1;2011;34010
61;1;2012;34068
61;1;2013;33298
61;1;2014;33521
61;1;2015;34098
61;1;2016;33301
61;1;2017;34328
61;1;2018;34641
61;1;2019;34499
61;1;2020;34694
61;2;2010;36460
61;2;2011;34803
61;2;2012;34948
61;2;2013;33484
61;2;2014;34176
61;2;2015;34735
61;2;2016;34296
61;2;2017;34598
61;2;2018;35192
61;2;2019;34864
61;2;2020;35175
62;1;2010;38138
62;1;2011;35646
62;1;2012;33644
62;1;2013;33688
62;1;2014;32956
62;1;2015;33199
62;1;2016;33757
62;1;2017;32993
62;1;2018;33997
62;1;2019;34320
62;1;2020;34149
62;2;2010;38577
62;2;2011;36198
62;2;2012;34568
62;2;2013;34725
62;2;2014;33282
62;2;2015;33952
62;2;2016;34507
62;2;2017;34074
62;2;2018;34390
62;2;2019;34995
62;2;2020;34667
63;1;2010;39284
63;1;2011;37642
63;1;2012;35214
63;1;2013;33238
63;1;2014;33307
63;1;2015;32584
63;1;2016;32844
63;1;2017;33418
63;1;2018;32641
63;1;2019;33589
63;1;2020;33927
63;2;2010;39349
63;2;2011;38255
63;2;2012;35945
63;2;2013;34308
63;2;2014;34477
63;2;2015;33003
63;2;2016;33699
63;2;2017;34259
63;2;2018;33866
63;2;2019;34148
63;2;2020;34765
64;1;2010;37527
64;1;2011;38741
64;1;2012;37175
64;1;2013;34812
64;1;2014;32810
64;1;2015;32869
64;1;2016;32216
64;1;2017;32439
64;1;2018;33043
64;1;2019;32247
64;1;2020;33161
64;2;2010;37743
64;2;2011;39008
64;2;2012;37948
64;2;2013;35668
64;2;2014;34055
64;2;2015;34226
64;2;2016;32784
64;2;2017;33421
64;2;2018;34015
64;2;2019;33633
64;2;2020;33898
65;1;2010;35030
65;1;2011;37023
65;1;2012;38193
65;1;2013;36693
65;1;2014;34386
65;1;2015;32402
65;1;2016;32451
65;1;2017;31760
65;1;2018;32027
65;1;2019;32642
65;1;2020;31825
65;2;2010;35812
65;2;2011;37350
65;2;2012;38646
65;2;2013;37607
65;2;2014;35415
65;2;2015;33778
65;2;2016;33941
65;2;2017;32514
65;2;2018;33161
65;2;2019;33762
65;2;2020;33384
66;1;2010;31517
66;1;2011;34421
66;1;2012;36403
66;1;2013;37621
66;1;2014;36172
66;1;2015;33917
66;1;2016;31925
66;1;2017;31961
66;1;2018;31310
66;1;2019;31561
66;1;2020;32169
66;2;2010;32990
66;2;2011;35418
66;2;2012;36963
66;2;2013;38275
66;2;2014;37262
66;2;2015;35088
66;2;2016;33470
66;2;2017;33654
66;2;2018;32261
66;2;2019;32844
66;2;2020;33442
67;1;2010;29466
67;1;2011;30981
67;1;2012;33802
67;1;2013;35774
67;1;2014;36987
67;1;2015;35633
67;1;2016;33428
67;1;2017;31388
67;1;2018;31509
67;1;2019;30842
67;1;2020;31049
67;2;2010;30609
67;2;2011;32612
67;2;2012;35062
67;2;2013;36581
67;2;2014;37920
67;2;2015;36923
67;2;2016;34749
67;2;2017;33171
67;2;2018;33332
67;2;2019;31924
67;2;2020;32538
68;1;2010;25602
68;1;2011;28891
68;1;2012;30394
68;1;2013;33179
68;1;2014;35173
68;1;2015;36364
68;1;2016;35062
68;1;2017;32876
68;1;2018;30873
68;1;2019;30960
68;1;2020;30315
68;2;2010;27174
68;2;2011;30237
68;2;2012;32238
68;2;2013;34665
68;2;2014;36227
68;2;2015;37458
68;2;2016;36574
68;2;2017;34364
68;2;2018;32847
68;2;2019;32980
68;2;2020;31546
69;1;2010;24414
69;1;2011;25059
69;1;2012;28298
69;1;2013;29795
69;1;2014;32531
69;1;2015;34492
69;1;2016;35707
69;1;2017;34429
69;1;2018;32304
69;1;2019;30266
69;1;2020;30376
69;2;2010;26227
69;2;2011;26805
69;2;2012;29866
69;2;2013;31845
69;2;2014;34239
69;2;2015;35825
69;2;2016;37041
69;2;2017;36179
69;2;2018;34004
69;2;2019;32478
69;2;2020;32631
70;1;2010;22933
70;1;2011;23895
70;1;2012;24537
70;1;2013;27667
70;1;2014;29138
70;1;2015;31864
70;1;2016;33824
70;1;2017;35060
70;1;2018;33731
70;1;2019;31655
70;1;2020;29697
70;2;2010;24602
70;2;2011;25831
70;2;2012;26409
70;2;2013;29417
70;2;2014;31413
70;2;2015;33781
70;2;2016;35365
70;2;2017;36579
70;2;2018;35736
70;2;2019;33618
70;2;2020;32108
71;1;2010;22037
71;1;2011;22336
71;1;2012;23319
71;1;2013;23947
71;1;2014;27030
71;1;2015;28481
71;1;2016;31159
71;1;2017;33076
71;1;2018;34378
71;1;2019;33006
71;1;2020;30993
71;2;2010;24284
71;2;2011;24209
71;2;2012;25443
71;2;2013;25976
71;2;2014;28993
71;2;2015;30933
71;2;2016;33303
71;2;2017;34856
71;2;2018;36067
71;2;2019;35238
71;2;2020;33197
72;1;2010;20401
72;1;2011;21389
72;1;2012;21675
72;1;2013;22713
72;1;2014;23390
72;1;2015;26417
72;1;2016;27816
72;1;2017;30385
72;1;2018;32307
72;1;2019;33641
72;1;2020;32285
72;2;2010;23330
72;2;2011;23862
72;2;2012;23746
72;2;2013;25017
72;2;2014;25564
72;2;2015;28581
72;2;2016;30454
72;2;2017;32773
72;2;2018;34318
72;2;2019;35526
72;2;2020;34751
73;1;2010;19250
73;1;2011;19718
73;1;2012;20742
73;1;2013;21019
73;1;2014;22054
73;1;2015;22743
73;1;2016;25698
73;1;2017;27124
73;1;2018;29580
73;1;2019;31494
73;1;2020;32812
73;2;2010;21837
73;2;2011;22799
73;2;2012;23386
73;2;2013;23319
73;2;2014;24557
73;2;2015;25133
73;2;2016;28060
73;2;2017;29935
73;2;2018;32222
73;2;2019;33727
73;2;2020;34931
74;1;2010;17659
74;1;2011;18537
74;1;2012;19065
74;1;2013;20088
74;1;2014;20373
74;1;2015;21426
74;1;2016;22101
74;1;2017;24974
74;1;2018;26334
74;1;2019;28731
74;1;2020;30676
74;2;2010;20535
74;2;2011;21270
74;2;2012;22268
74;2;2013;22831
74;2;2014;22855
74;2;2015;24087
74;2;2016;24663
74;2;2017;27526
74;2;2018;29420
74;2;2019;31629
74;2;2020;33104
75;1;2010;16478
75;1;2011;16961
75;1;2012;17879
75;1;2013;18412
75;1;2014;19443
75;1;2015;19723
75;1;2016;20700
75;1;2017;21395
75;1;2018;24196
75;1;2019;25475
75;1;2020;27805
75;2;2010;19688
75;2;2011;20005
75;2;2012;20733
75;2;2013;21758
75;2;2014;22283
75;2;2015;22370
75;2;2016;23615
75;2;2017;24146
75;2;2018;26969
75;2;2019;28803
75;2;2020;30973
76;1;2010;15085
76;1;2011;15770
76;1;2012;16249
76;1;2013;17154
76;1;2014;17766
76;1;2015;18758
76;1;2016;19074
76;1;2017;19991
76;1;2018;20673
76;1;2019;23351
76;1;2020;24623
76;2;2010;18293
76;2;2011;19107
76;2;2012;19393
76;2;2013;20165
76;2;2014;21187
76;2;2015;21676
76;2;2016;21861
76;2;2017;23065
76;2;2018;23571
76;2;2019;26347
76;2;2020;28155
77;1;2010;13990
77;1;2011;14385
77;1;2012;14999
77;1;2013;15525
77;1;2014;16446
77;1;2015;17074
77;1;2016;18009
77;1;2017;18357
77;1;2018;19249
77;1;2019;19879
77;1;2020;22530
77;2;2010;17878
77;2;2011;17701
77;2;2012;18464
77;2;2013;18786
77;2;2014;19569
77;2;2015;20632
77;2;2016;21116
77;2;2017;21293
77;2;2018;22469
77;2;2019;22940
77;2;2020;25724
78;1;2010;12984
78;1;2011;13208
78;1;2012;13613
78;1;2013;14230
78;1;2014;14746
78;1;2015;15684
78;1;2016;16347
78;1;2017;17269
78;1;2018;17595
78;1;2019;18425
78;1;2020;19073
78;2;2010;16847
78;2;2011;17145
78;2;2012;17078
78;2;2013;17761
78;2;2014;18175
78;2;2015;18928
78;2;2016;19997
78;2;2017;20443
78;2;2018;20708
78;2;2019;21772
78;2;2020;22295
79;1;2010;12141
79;1;2011;12223
79;1;2012;12398
79;1;2013;12849
79;1;2014;13469
79;1;2015;14033
79;1;2016;14871
79;1;2017;15588
79;1;2018;16456
79;1;2019;16772
79;1;2020;17582
79;2;2010;16256
79;2;2011;16128
79;2;2012;16460
79;2;2013;16449
79;2;2014;17080
79;2;2015;17516
79;2;2016;18283
79;2;2017;19320
79;2;2018;19762
79;2;2019;20029
79;2;2020;21076
80;1;2010;11275
80;1;2011;11341
80;1;2012;11507
80;1;2013;11614
80;1;2014;12066
80;1;2015;12723
80;1;2016;13268
80;1;2017;14049
80;1;2018;14778
80;1;2019;15577
80;1;2020;15901
80;2;2010;15335
80;2;2011;15437
80;2;2012;15388
80;2;2013;15687
80;2;2014;15730
80;2;2015;16408
80;2;2016;16799
80;2;2017;17578
80;2;2018;18632
80;2;2019;19044
80;2;2020;19331
81;1;2010;10630
81;1;2011;10434
81;1;2012;10574
81;1;2013;10685
81;1;2014;10827
81;1;2015;11310
81;1;2016;11914
81;1;2017;12450
81;1;2018;13194
81;1;2019;13875
81;1;2020;14712
81;2;2010;15016
81;2;2011;14540
81;2;2012;14650
81;2;2013;14639
81;2;2014;14911
81;2;2015;15017
81;2;2016;15625
81;2;2017;16070
81;2;2018;16846
81;2;2019;17827
81;2;2020;18281
82;1;2010;9228
82;1;2011;9702
82;1;2012;9628
82;1;2013;9746
82;1;2014;9888
82;1;2015;10054
82;1;2016;10485
82;1;2017;11087
82;1;2018;11594
82;1;2019;12302
82;1;2020;12955
82;2;2010;13948
82;2;2011;14128
82;2;2012;13749
82;2;2013;13779
82;2;2014;13812
82;2;2015;14160
82;2;2016;14252
82;2;2017;14873
82;2;2018;15221
82;2;2019;16019
82;2;2020;17030
83;1;2010;8549
83;1;2011;8413
83;1;2012;8865
83;1;2013;8813
83;1;2014;8865
83;1;2015;9095
83;1;2016;9277
83;1;2017;9674
83;1;2018;10195
83;1;2019;10671
83;1;2020;11435
83;2;2010;13368
83;2;2011;13033
83;2;2012;13237
83;2;2013;12860
83;2;2014;12951
83;2;2015;13016
83;2;2016;13329
83;2;2017;13403
83;2;2018;14029
83;2;2019;14309
83;2;2020;15148
84;1;2010;7536
84;1;2011;7724
84;1;2012;7579
84;1;2013;8058
84;1;2014;7995
84;1;2015;8050
84;1;2016;8266
84;1;2017;8476
84;1;2018;8885
84;1;2019;9281
84;1;2020;9753
84;2;2010;12662
84;2;2011;12437
84;2;2012;12145
84;2;2013;12289
84;2;2014;11981
84;2;2015;12097
84;2;2016;12154
84;2;2017;12467
84;2;2018;12552
84;2;2019;13183
84;2;2020;13417
85;1;2010;6677
85;1;2011;6680
85;1;2012;6944
85;1;2013;6796
85;1;2014;7144
85;1;2015;7255
85;1;2016;7241
85;1;2017;7470
85;1;2018;7634
85;1;2019;7994
85;1;2020;8428
85;2;2010;11819
85;2;2011;11618
85;2;2012;11489
85;2;2013;11234
85;2;2014;11388
85;2;2015;11146
85;2;2016;11246
85;2;2017;11281
85;2;2018;11558
85;2;2019;11702
85;2;2020;12276
86;1;2010;5549
86;1;2011;5878
86;1;2012;5875
86;1;2013;6134
86;1;2014;6003
86;1;2015;6364
86;1;2016;6447
86;1;2017;6483
86;1;2018;6670
86;1;2019;6811
86;1;2020;7180
86;2;2010;10853
86;2;2011;10773
86;2;2012;10608
86;2;2013;10557
86;2;2014;10338
86;2;2015;10482
86;2;2016;10227
86;2;2017;10346
86;2;2018;10357
86;2;2019;10604
86;2;2020;10783
87;1;2010;4646
87;1;2011;4763
87;1;2012;5098
87;1;2013;5144
87;1;2014;5404
87;1;2015;5264
87;1;2016;5594
87;1;2017;5645
87;1;2018;5658
87;1;2019;5782
87;1;2020;6027
87;2;2010;9308
87;2;2011;9757
87;2;2012;9827
87;2;2013;9660
87;2;2014;9634
87;2;2015;9460
87;2;2016;9532
87;2;2017;9273
87;2;2018;9385
87;2;2019;9384
87;2;2020;9620
88;1;2010;4125
88;1;2011;3913
88;1;2012;4083
88;1;2013;4339
88;1;2014;4432
88;1;2015;4640
88;1;2016;4500
88;1;2017;4793
88;1;2018;4841
88;1;2019;4837
88;1;2020;4999
88;2;2010;8985
88;2;2011;8255
88;2;2012;8691
88;2;2013;8801
88;2;2014;8611
88;2;2015;8673
88;2;2016;8505
88;2;2017;8545
88;2;2018;8318
88;2;2019;8422
88;2;2020;8432
89;1;2010;3396
89;1;2011;3448
89;1;2012;3284
89;1;2013;3456
89;1;2014;3634
89;1;2015;3751
89;1;2016;3920
89;1;2017;3834
89;1;2018;4100
89;1;2019;4058
89;1;2020;4128
89;2;2010;7986
89;2;2011;7865
89;2;2012;7307
89;2;2013;7760
89;2;2014;7752
89;2;2015;7671
89;2;2016;7713
89;2;2017;7548
89;2;2018;7607
89;2;2019;7321
89;2;2020;7462
90;1;2010;2406
90;1;2011;2818
90;1;2012;2826
90;1;2013;2727
90;1;2014;2842
90;1;2015;2983
90;1;2016;3087
90;1;2017;3248
90;1;2018;3195
90;1;2019;3348
90;1;2020;3353
90;2;2010;5873
90;2;2011;6866
90;2;2012;6807
90;2;2013;6324
90;2;2014;6686
90;2;2015;6757
90;2;2016;6723
90;2;2017;6733
90;2;2018;6568
90;2;2019;6591
90;2;2020;6364
91;1;2010;1912
91;1;2011;1926
91;1;2012;2253
91;1;2013;2298
91;1;2014;2212
91;1;2015;2327
91;1;2016;2423
91;1;2017;2512
91;1;2018;2620
91;1;2019;2562
91;1;2020;2697
91;2;2010;5055
91;2;2011;4965
91;2;2012;5898
91;2;2013;5832
91;2;2014;5402
91;2;2015;5734
91;2;2016;5749
91;2;2017;5750
91;2;2018;5781
91;2;2019;5555
91;2;2020;5671
92;1;2010;1364
92;1;2011;1488
92;1;2012;1503
92;1;2013;1780
92;1;2014;1789
92;1;2015;1756
92;1;2016;1830
92;1;2017;1924
92;1;2018;1956
92;1;2019;2053
92;1;2020;2034
92;2;2010;4118
92;2;2011;4212
92;2;2012;4153
92;2;2013;4960
92;2;2014;4861
92;2;2015;4492
92;2;2016;4828
92;2;2017;4867
92;2;2018;4817
92;2;2019;4829
92;2;2020;4667
93;1;2010;1074
93;1;2011;1029
93;1;2012;1149
93;1;2013;1164
93;1;2014;1358
93;1;2015;1405
93;1;2016;1295
93;1;2017;1399
93;1;2018;1474
93;1;2019;1502
93;1;2020;1604
93;2;2010;3391
93;2;2011;3359
93;2;2012;3360
93;2;2013;3388
93;2;2014;4072
93;2;2015;4017
93;2;2016;3619
93;2;2017;4001
93;2;2018;3997
93;2;2019;3944
93;2;2020;4001
94;1;2010;741
94;1;2011;813
94;1;2012;748
94;1;2013;873
94;1;2014;906
94;1;2015;993
94;1;2016;1064
94;1;2017;942
94;1;2018;1035
94;1;2019;1093
94;1;2020;1134
94;2;2010;2475
94;2;2011;2690
94;2;2012;2674
94;2;2013;2723
94;2;2014;2666
94;2;2015;3252
94;2;2016;3172
94;2;2017;2874
94;2;2018;3148
94;2;2019;3184
94;2;2020;3189
95;1;2010;595
95;1;2011;537
95;1;2012;600
95;1;2013;544
95;1;2014;631
95;1;2015;691
95;1;2016;730
95;1;2017;784
95;1;2018;690
95;1;2019;724
95;1;2020;776
95;2;2010;2045
95;2;2011;1950
95;2;2012;2081
95;2;2013;2072
95;2;2014;2108
95;2;2015;2133
95;2;2016;2538
95;2;2017;2489
95;2;2018;2241
95;2;2019;2435
95;2;2020;2489
96;1;2010;379
96;1;2011;417
96;1;2012;394
96;1;2013;406
96;1;2014;383
96;1;2015;452
96;1;2016;477
96;1;2017;521
96;1;2018;549
96;1;2019;487
96;1;2020;505
96;2;2010;1445
96;2;2011;1541
96;2;2012;1485
96;2;2013;1595
96;2;2014;1556
96;2;2015;1600
96;2;2016;1615
96;2;2017;1925
96;2;2018;1876
96;2;2019;1678
96;2;2020;1817
97;1;2010;260
97;1;2011;247
97;1;2012;284
97;1;2013;261
97;1;2014;275
97;1;2015;250
97;1;2016;308
97;1;2017;338
97;1;2018;359
97;1;2019;351
97;1;2020;326
97;2;2010;1111
97;2;2011;1017
97;2;2012;1119
97;2;2013;1093
97;2;2014;1211
97;2;2015;1168
97;2;2016;1196
97;2;2017;1193
97;2;2018;1402
97;2;2019;1357
97;2;2020;1252
98;1;2010;162
98;1;2011;174
98;1;2012;163
98;1;2013;178
98;1;2014;164
98;1;2015;187
98;1;2016;169
98;1;2017;200
98;1;2018;221
98;1;2019;211
98;1;2020;229
98;2;2010;706
98;2;2011;816
98;2;2012;719
98;2;2013;804
98;2;2014;768
98;2;2015;896
98;2;2016;834
98;2;2017;862
98;2;2018;896
98;2;2019;984
98;2;2020;964
99;1;2010;120
99;1;2011;103
99;1;2012;127
99;1;2013;104
99;1;2014;106
99;1;2015;100
99;1;2016;127
99;1;2017;106
99;1;2018;139
99;1;2019;138
99;1;2020;139
99;2;2010;498
99;2;2011;498
99;2;2012;568
99;2;2013;497
99;2;2014;533
99;2;2015;558
99;2;2016;622
99;2;2017;565
99;2;2018;583
99;2;2019;614
99;2;2020;683
100;1;2010;59
100;1;2011;68
100;1;2012;71
100;1;2013;81
100;1;2014;69
100;1;2015;63
100;1;2016;55
100;1;2017;78
100;1;2018;57
100;1;2019;77
100;1;2020;86
100;2;2010;301
100;2;2011;317
100;2;2012;337
100;2;2013;381
100;2;2014;334
100;2;2015;353
100;2;2016;370
100;2;2017;427
100;2;2018;375
100;2;2019;381
100;2;2020;404
101;1;2010;43
101;1;2011;29
101;1;2012;39
101;1;2013;44
101;1;2014;41
101;1;2015;39
101;1;2016;41
101;1;2017;38
101;1;2018;51
101;1;2019;34
101;1;2020;50
101;2;2010;215
101;2;2011;189
101;2;2012;188
101;2;2013;201
101;2;2014;238
101;2;2015;209
101;2;2016;217
101;2;2017;246
101;2;2018;256
101;2;2019;223
101;2;2020;240
102;1;2010;17
102;1;2011;25
102;1;2012;16
102;1;2013;19
102;1;2014;24
102;1;2015;27
102;1;2016;27
102;1;2017;21
102;1;2018;16
102;1;2019;33
102;1;2020;13
102;2;2010;100
102;2;2011;129
102;2;2012;109
102;2;2013;114
102;2;2014;126
102;2;2015;153
102;2;2016;135
102;2;2017;133
102;2;2018;142
102;2;2019;151
102;2;2020;121
103;1;2010;8
103;1;2011;9
103;1;2012;18
103;1;2013;6
103;1;2014;12
103;1;2015;16
103;1;2016;15
103;1;2017;17
103;1;2018;12
103;1;2019;6
103;1;2020;15
103;2;2010;63
103;2;2011;55
103;2;2012;76
103;2;2013;73
103;2;2014;64
103;2;2015;71
103;2;2016;96
103;2;2017;71
103;2;2018;76
103;2;2019;85
103;2;2020;93
104;1;2010;5
104;1;2011;5
104;1;2012;4
104;1;2013;10
104;1;2014;2
104;1;2015;7
104;1;2016;8
104;1;2017;10
104;1;2018;11
104;1;2019;6
104;1;2020;4
104;2;2010;33
104;2;2011;35
104;2;2012;24
104;2;2013;45
104;2;2014;39
104;2;2015;42
104;2;2016;44
104;2;2017;50
104;2;2018;42
104;2;2019;45
104;2;2020;50
105;1;2010;4
105;1;2011;1
105;1;2012;3
105;1;2013;4
105;1;2014;7
105;1;2015;2
105;1;2016;3
105;1;2017;2
105;1;2018;6
105;1;2019;4
105;1;2020;3
105;2;2010;23
105;2;2011;17
105;2;2012;22
105;2;2013;8
105;2;2014;26
105;2;2015;19
105;2;2016;19
105;2;2017;27
105;2;2018;31
105;2;2019;26
105;2;2020;27
106;1;2010;0
106;1;2011;2
106;1;2012;1
106;1;2013;1
106;1;2014;0
106;1;2015;2
106;1;2016;1
106;1;2017;1
106;1;2018;1
106;1;2019;3
106;1;2020;3
106;2;2010;12
106;2;2011;9
106;2;2012;6
106;2;2013;13
106;2;2014;3
106;2;2015;12
106;2;2016;14
106;2;2017;13
106;2;2018;4
106;2;2019;18
106;2;2020;15
107;1;2010;0
107;1;2011;0
107;1;2012;1
107;1;2013;0
107;1;2014;1
107;1;2015;0
107;1;2016;1
107;1;2017;0
107;1;2018;0
107;1;2019;0
107;1;2020;2
107;2;2010;3
107;2;2011;8
107;2;2012;6
107;2;2013;4
107;2;2014;6
107;2;2015;1
107;2;2016;8
107;2;2017;5
107;2;2018;9
107;2;2019;2
107;2;2020;6
108;1;2010;0
108;1;2011;0
108;1;2012;0
108;1;2013;1
108;1;2014;0
108;1;2015;1
108;1;2016;0
108;1;2017;0
108;1;2018;0
108;1;2019;0
108;1;2020;0
108;2;2010;3
108;2;2011;1
108;2;2012;3
108;2;2013;2
108;2;2014;2
108;2;2015;3
108;2;2016;0
108;2;2017;3
108;2;2018;2
108;2;2019;5
108;2;2020;0
109;1;2010;0
109;1;2011;0
109;1;2012;0
109;1;2013;0
109;1;2014;0
109;1;2015;0
109;1;2016;1
109;1;2017;0
109;1;2018;0
109;1;2019;0
109;1;2020;0
109;2;2010;0
109;2;2011;1
109;2;2012;0
109;2;2013;2
109;2;2014;1
109;2;2015;1
109;2;2016;2
109;2;2017;0
109;2;2018;2
109;2;2019;2
109;2;2020;1
110;1;2010;0
110;1;2011;0
110;1;2012;0
110;1;2013;0
110;1;2014;0
110;1;2015;0
110;1;2016;0
110;1;2017;0
110;1;2018;0
110;1;2019;0
110;1;2020;0
110;2;2010;0
110;2;2011;0
110;2;2012;0
110;2;2013;0
110;2;2014;1
110;2;2015;1
110;2;2016;1
110;2;2017;1
110;2;2018;0
110;2;2019;2
110;2;2020;0
111;1;2010;0
111;1;2011;0
111;1;2012;0
111;1;2013;0
111;1;2014;0
111;1;2015;0
111;1;2016;0
111;1;2017;0
111;1;2018;0
111;1;2019;0
111;1;2020;0
111;2;2010;0
111;2;2011;0
111;2;2012;0
111;2;2013;0
111;2;2014;0
111;2;2015;0
111;2;2016;0
111;2;2017;0
111;2;2018;0
111;2;2019;0
111;2;2020;1
112;1;2010;0
112;1;2011;0
112;1;2012;0
112;1;2013;0
112;1;2014;0
112;1;2015;0
112;1;2016;0
112;1;2017;0
112;1;2018;0
112;1;2019;0
112;1;2020;0
112;2;2010;0
112;2;2011;0
112;2;2012;0
112;2;2013;0
112;2;2014;0
112;2;2015;0
112;2;2016;0
112;2;2017;0
112;2;2018;0
112;2;2019;0
112;2;2020;0
113;1;2010;0
113;1;2011;0
113;1;2012;0
113;1;2013;0
113;1;2014;0
113;1;2015;0
113;1;2016;0
113;1;2017;0
113;1;2018;0
113;1;2019;0
113;1;2020;0
113;2;2010;0
113;2;2011;0
113;2;2012;0
113;2;2013;0
113;2;2014;0
113;2;2015;0
113;2;2016;0
113;2;2017;0
113;2;2018;0
113;2;2019;0
113;2;2020;0
114;1;2010;0
114;1;2011;0
114;1;2012;0
114;1;2013;0
114;1;2014;0
114;1;2015;0
114;1;2016;0
114;1;2017;0
114;1;2018;0
114;1;2019;0
114;1;2020;0
114;2;2010;0
114;2;2011;0
114;2;2012;0
114;2;2013;0
114;2;2014;0
114;2;2015;0
114;2;2016;0
114;2;2017;0
114;2;2018;0
114;2;2019;0
114;2;2020;0
115;1;2010;0
115;1;2011;0
115;1;2012;0
115;1;2013;0
115;1;2014;0
115;1;2015;0
115;1;2016;0
115;1;2017;0
115;1;2018;0
115;1;2019;0
115;1;2020;0
115;2;2010;0
115;2;2011;0
115;2;2012;0
115;2;2013;0
115;2;2014;0
115;2;2015;0
115;2;2016;0
115;2;2017;0
115;2;2018;0
115;2;2019;0
115;2;2020;0
116;1;2010;0
116;1;2011;0
116;1;2012;0
116;1;2013;0
116;1;2014;0
116;1;2015;0
116;1;2016;0
116;1;2017;0
116;1;2018;0
116;1;2019;0
116;1;2020;0
116;2;2010;0
116;2;2011;0
116;2;2012;0
116;2;2013;0
116;2;2014;0
116;2;2015;0
116;2;2016;0
116;2;2017;0
116;2;2018;0
116;2;2019;0
116;2;2020;0
117;1;2010;0
117;1;2011;0
117;1;2012;0
117;1;2013;0
117;1;2014;0
117;1;2015;0
117;1;2016;0
117;1;2017;0
117;1;2018;0
117;1;2019;0
117;1;2020;0
117;2;2010;0
117;2;2011;0
117;2;2012;0
117;2;2013;0
117;2;2014;0
117;2;2015;0
117;2;2016;0
117;2;2017;0
117;2;2018;0
117;2;2019;0
117;2;2020;0
118;1;2010;0
118;1;2011;0
118;1;2012;0
118;1;2013;0
118;1;2014;0
118;1;2015;0
118;1;2016;0
118;1;2017;0
118;1;2018;0
118;1;2019;0
118;1;2020;0
118;2;2010;0
118;2;2011;0
118;2;2012;0
118;2;2013;0
118;2;2014;0
118;2;2015;0
118;2;2016;0
118;2;2017;0
118;2;2018;0
118;2;2019;0
118;2;2020;0
119;1;2010;0
119;1;2011;0
119;1;2012;0
119;1;2013;0
119;1;2014;0
119;1;2015;0
119;1;2016;0
119;1;2017;0
119;1;2018;0
119;1;2019;0
119;1;2020;0
119;2;2010;0
119;2;2011;0
119;2;2012;0
119;2;2013;0
119;2;2014;0
119;2;2015;0
119;2;2016;0
119;2;2017;0
119;2;2018;0
119;2;2019;0
119;2;2020;0
120;1;2010;0
120;1;2011;0
120;1;2012;0
120;1;2013;0
120;1;2014;0
120;1;2015;0
120;1;2016;0
120;1;2017;0
120;1;2018;0
120;1;2019;0
120;1;2020;0
120;2;2010;0
120;2;2011;0
120;2;2012;0
120;2;2013;0
120;2;2014;0
120;2;2015;0
120;2;2016;0
120;2;2017;0
120;2;2018;0
120;2;2019;0
120;2;2020;0
121;1;2010;0
121;1;2011;0
121;1;2012;0
121;1;2013;0
121;1;2014;0
121;1;2015;0
121;1;2016;0
121;1;2017;0
121;1;2018;0
121;1;2019;0
121;1;2020;0
121;2;2010;0
121;2;2011;0
121;2;2012;0
121;2;2013;0
121;2;2014;0
121;2;2015;0
121;2;2016;0
121;2;2017;0
121;2;2018;0
121;2;2019;0
121;2;2020;0
122;1;2010;0
122;1;2011;0
122;1;2012;0
122;1;2013;0
122;1;2014;0
122;1;2015;0
122;1;2016;0
122;1;2017;0
122;1;2018;0
122;1;2019;0
122;1;2020;0
122;2;2010;0
122;2;2011;0
122;2;2012;0
122;2;2013;0
122;2;2014;0
122;2;2015;0
122;2;2016;0
122;2;2017;0
122;2;2018;0
122;2;2019;0
122;2;2020;0
123;1;2010;0
123;1;2011;0
123;1;2012;0
123;1;2013;0
123;1;2014;0
123;1;2015;0
123;1;2016;0
123;1;2017;0
123;1;2018;0
123;1;2019;0
123;1;2020;0
123;2;2010;0
123;2;2011;0
123;2;2012;0
123;2;2013;0
123;2;2014;0
123;2;2015;0
123;2;2016;0
123;2;2017;0
123;2;2018;0
123;2;2019;0
123;2;2020;0
124;1;2010;0
124;1;2011;0
124;1;2012;0
124;1;2013;0
124;1;2014;0
124;1;2015;0
124;1;2016;0
124;1;2017;0
124;1;2018;0
124;1;2019;0
124;1;2020;0
124;2;2010;0
124;2;2011;0
124;2;2012;0
124;2;2013;0
124;2;2014;0
124;2;2015;0
124;2;2016;0
124;2;2017;0
124;2;2018;0
124;2;2019;0
124;2;2020;0
125;1;2010;0
125;1;2011;0
125;1;2012;0
125;1;2013;0
125;1;2014;0
125;1;2015;0
125;1;2016;0
125;1;2017;0
125;1;2018;0
125;1;2019;0
125;1;2020;0
125;2;2010;0
125;2;2011;0
125;2;2012;0
125;2;2013;0
125;2;2014;0
125;2;2015;0
125;2;2016;0
125;2;2017;0
125;2;2018;0
125;2;2019;0
125;2;2020;0
