[{"type":"COVID19EvalTextDaily","type_variant":"situation_tagesbericht","content.de":"","content.fr":"","content.it":"","content.rm":"","content.en":"","version":"2021-04-28_08-01-15"},{"type":"COVID19EvalTextDaily","type_variant":"situation_cases","content.de":"","content.fr":"","content.it":"","content.rm":"","content.en":"","version":"2021-04-28_08-01-15"},{"type":"COVID19EvalTextDaily","type_variant":"situation_hosp","content.de":"","content.fr":"","content.it":"","content.rm":"","content.en":"","version":"2021-04-28_08-01-15"},{"type":"COVID19EvalTextDaily","type_variant":"situation_deaths","content.de":"","content.fr":"","content.it":"","content.rm":"","content.en":"","version":"2021-04-28_08-01-15"},{"type":"COVID19EvalTextDaily","type_variant":"situation_tests","content.de":"","content.fr":"","content.it":"","content.rm":"","content.en":"","version":"2021-04-28_08-01-15"},{"type":"COVID19EvalTextDaily","type_variant":"situation_demographie","content.de":"","content.fr":"","content.it":"","content.rm":"","content.en":"","version":"2021-04-28_08-01-15"}]