[{"type_variant":"","type":"COVID19CT_Iso","entries":14462,"geoRegion":"CHFL","datum":"2021-04-28","date_unit":"day","version":"2021-04-28_07-49-44"},{"type_variant":"","type":"COVID19CT_Qua","entries":22915,"geoRegion":"CHFL","datum":"2021-04-28","date_unit":"day","version":"2021-04-28_07-49-44"},{"type_variant":"","type":"COVID19CT_Entry","entries":4715,"geoRegion":"CHFL","datum":"2021-04-28","date_unit":"day","version":"2021-04-28_07-49-44"},{"type_variant":"","type":"COVID19CT_reporting_cantons","entries":24,"geoRegion":"CHFL","datum":"2021-04-28","date_unit":"day","version":"2021-04-28_07-49-44"},{"type_variant":"","type":"COVID19CT_Iso","entries":14382,"geoRegion":"CH","datum":"2021-04-28","date_unit":"day","version":"2021-04-28_07-49-44"},{"type_variant":"","type":"COVID19CT_Qua","entries":22831,"geoRegion":"CH","datum":"2021-04-28","date_unit":"day","version":"2021-04-28_07-49-44"},{"type_variant":"","type":"COVID19CT_Entry","entries":4693,"geoRegion":"CH","datum":"2021-04-28","date_unit":"day","version":"2021-04-28_07-49-44"},{"type_variant":"","type":"COVID19CT_reporting_cantons","entries":24,"geoRegion":"CH","datum":"2021-04-28","date_unit":"day","version":"2021-04-28_07-49-44"},{"type_variant":"","type":"COVID19CT_Iso","entries":14,"geoRegion":"AI","datum":"2021-04-28","date_unit":"day","version":"2021-04-28_07-49-44"},{"type_variant":"","type":"COVID19CT_Iso","entries":57,"geoRegion":"AR","datum":"2021-04-28","date_unit":"day","version":"2021-04-28_07-49-44"},{"type_variant":"","type":"COVID19CT_Iso","entries":1433,"geoRegion":"BE","datum":"2021-04-28","date_unit":"day","version":"2021-04-28_07-49-44"},{"type_variant":"","type":"COVID19CT_Iso","entries":552,"geoRegion":"BL","datum":"2021-04-28","date_unit":"day","version":"2021-04-28_07-49-44"},{"type_variant":"","type":"COVID19CT_Iso","entries":420,"geoRegion":"BS","datum":"2021-04-28","date_unit":"day","version":"2021-04-28_07-49-44"},{"type_variant":"","type":"COVID19CT_Iso","entries":80,"geoRegion":"FL","datum":"2021-04-28","date_unit":"day","version":"2021-04-28_07-49-44"},{"type_variant":"","type":"COVID19CT_Iso","entries":414,"geoRegion":"FR","datum":"2021-04-28","date_unit":"day","version":"2021-04-28_07-49-44"},{"type_variant":"","type":"COVID19CT_Iso","entries":1341,"geoRegion":"GE","datum":"2021-04-28","date_unit":"day","version":"2021-04-28_07-49-44"},{"type_variant":"","type":"COVID19CT_Iso","entries":77,"geoRegion":"GL","datum":"2021-04-28","date_unit":"day","version":"2021-04-28_07-49-44"},{"type_variant":"","type":"COVID19CT_Iso","entries":287,"geoRegion":"GR","datum":"2021-04-28","date_unit":"day","version":"2021-04-28_07-49-44"},{"type_variant":"","type":"COVID19CT_Iso","entries":120,"geoRegion":"JU","datum":"2021-04-28","date_unit":"day","version":"2021-04-28_07-49-44"},{"type_variant":"","type":"COVID19CT_Iso","entries":849,"geoRegion":"LU","datum":"2021-04-28","date_unit":"day","version":"2021-04-28_07-49-44"},{"type_variant":"","type":"COVID19CT_Iso","entries":334,"geoRegion":"NE","datum":"2021-04-28","date_unit":"day","version":"2021-04-28_07-49-44"},{"type_variant":"","type":"COVID19CT_Iso","entries":74,"geoRegion":"NW","datum":"2021-04-28","date_unit":"day","version":"2021-04-28_07-49-44"},{"type_variant":"","type":"COVID19CT_Iso","entries":66,"geoRegion":"OW","datum":"2021-04-28","date_unit":"day","version":"2021-04-28_07-49-44"},{"type_variant":"","type":"COVID19CT_Iso","entries":705,"geoRegion":"SG","datum":"2021-04-28","date_unit":"day","version":"2021-04-28_07-49-44"},{"type_variant":"","type":"COVID19CT_Iso","entries":103,"geoRegion":"SH","datum":"2021-04-28","date_unit":"day","version":"2021-04-28_07-49-44"},{"type_variant":"","type":"COVID19CT_Iso","entries":560,"geoRegion":"SO","datum":"2021-04-28","date_unit":"day","version":"2021-04-28_07-49-44"},{"type_variant":"","type":"COVID19CT_Iso","entries":446,"geoRegion":"SZ","datum":"2021-04-28","date_unit":"day","version":"2021-04-28_07-49-44"},{"type_variant":"","type":"COVID19CT_Iso","entries":505,"geoRegion":"TI","datum":"2021-04-28","date_unit":"day","version":"2021-04-28_07-49-44"},{"type_variant":"","type":"COVID19CT_Iso","entries":269,"geoRegion":"UR","datum":"2021-04-28","date_unit":"day","version":"2021-04-28_07-49-44"},{"type_variant":"","type":"COVID19CT_Iso","entries":1948,"geoRegion":"VD","datum":"2021-04-28","date_unit":"day","version":"2021-04-28_07-49-44"},{"type_variant":"","type":"COVID19CT_Iso","entries":778,"geoRegion":"VS","datum":"2021-04-28","date_unit":"day","version":"2021-04-28_07-49-44"},{"type_variant":"","type":"COVID19CT_Iso","entries":164,"geoRegion":"ZG","datum":"2021-04-28","date_unit":"day","version":"2021-04-28_07-49-44"},{"type_variant":"","type":"COVID19CT_Iso","entries":2866,"geoRegion":"ZH","datum":"2021-04-28","date_unit":"day","version":"2021-04-28_07-49-44"},{"type_variant":"","type":"COVID19CT_Qua","entries":17,"geoRegion":"AI","datum":"2021-04-28","date_unit":"day","version":"2021-04-28_07-49-44"},{"type_variant":"","type":"COVID19CT_Qua","entries":85,"geoRegion":"AR","datum":"2021-04-28","date_unit":"day","version":"2021-04-28_07-49-44"},{"type_variant":"","type":"COVID19CT_Qua","entries":2144,"geoRegion":"BE","datum":"2021-04-28","date_unit":"day","version":"2021-04-28_07-49-44"},{"type_variant":"","type":"COVID19CT_Qua","entries":1170,"geoRegion":"BL","datum":"2021-04-28","date_unit":"day","version":"2021-04-28_07-49-44"},{"type_variant":"","type":"COVID19CT_Qua","entries":980,"geoRegion":"BS","datum":"2021-04-28","date_unit":"day","version":"2021-04-28_07-49-44"},{"type_variant":"","type":"COVID19CT_Qua","entries":84,"geoRegion":"FL","datum":"2021-04-28","date_unit":"day","version":"2021-04-28_07-49-44"},{"type_variant":"","type":"COVID19CT_Qua","entries":707,"geoRegion":"FR","datum":"2021-04-28","date_unit":"day","version":"2021-04-28_07-49-44"},{"type_variant":"","type":"COVID19CT_Qua","entries":1347,"geoRegion":"GE","datum":"2021-04-28","date_unit":"day","version":"2021-04-28_07-49-44"},{"type_variant":"","type":"COVID19CT_Qua","entries":157,"geoRegion":"GL","datum":"2021-04-28","date_unit":"day","version":"2021-04-28_07-49-44"},{"type_variant":"","type":"COVID19CT_Qua","entries":455,"geoRegion":"GR","datum":"2021-04-28","date_unit":"day","version":"2021-04-28_07-49-44"},{"type_variant":"","type":"COVID19CT_Qua","entries":339,"geoRegion":"JU","datum":"2021-04-28","date_unit":"day","version":"2021-04-28_07-49-44"},{"type_variant":"","type":"COVID19CT_Qua","entries":944,"geoRegion":"LU","datum":"2021-04-28","date_unit":"day","version":"2021-04-28_07-49-44"},{"type_variant":"","type":"COVID19CT_Qua","entries":545,"geoRegion":"NE","datum":"2021-04-28","date_unit":"day","version":"2021-04-28_07-49-44"},{"type_variant":"","type":"COVID19CT_Qua","entries":67,"geoRegion":"NW","datum":"2021-04-28","date_unit":"day","version":"2021-04-28_07-49-44"},{"type_variant":"","type":"COVID19CT_Qua","entries":71,"geoRegion":"OW","datum":"2021-04-28","date_unit":"day","version":"2021-04-28_07-49-44"},{"type_variant":"","type":"COVID19CT_Qua","entries":993,"geoRegion":"SG","datum":"2021-04-28","date_unit":"day","version":"2021-04-28_07-49-44"},{"type_variant":"","type":"COVID19CT_Qua","entries":134,"geoRegion":"SH","datum":"2021-04-28","date_unit":"day","version":"2021-04-28_07-49-44"},{"type_variant":"","type":"COVID19CT_Qua","entries":688,"geoRegion":"SO","datum":"2021-04-28","date_unit":"day","version":"2021-04-28_07-49-44"},{"type_variant":"","type":"COVID19CT_Qua","entries":642,"geoRegion":"SZ","datum":"2021-04-28","date_unit":"day","version":"2021-04-28_07-49-44"},{"type_variant":"","type":"COVID19CT_Qua","entries":811,"geoRegion":"TI","datum":"2021-04-28","date_unit":"day","version":"2021-04-28_07-49-44"},{"type_variant":"","type":"COVID19CT_Qua","entries":321,"geoRegion":"UR","datum":"2021-04-28","date_unit":"day","version":"2021-04-28_07-49-44"},{"type_variant":"","type":"COVID19CT_Qua","entries":3312,"geoRegion":"VD","datum":"2021-04-28","date_unit":"day","version":"2021-04-28_07-49-44"},{"type_variant":"","type":"COVID19CT_Qua","entries":1164,"geoRegion":"VS","datum":"2021-04-28","date_unit":"day","version":"2021-04-28_07-49-44"},{"type_variant":"","type":"COVID19CT_Qua","entries":183,"geoRegion":"ZG","datum":"2021-04-28","date_unit":"day","version":"2021-04-28_07-49-44"},{"type_variant":"","type":"COVID19CT_Qua","entries":5555,"geoRegion":"ZH","datum":"2021-04-28","date_unit":"day","version":"2021-04-28_07-49-44"},{"type_variant":"","type":"COVID19CT_Entry","entries":3,"geoRegion":"AI","datum":"2021-04-28","date_unit":"day","version":"2021-04-28_07-49-44"},{"type_variant":"","type":"COVID19CT_Entry","entries":25,"geoRegion":"AR","datum":"2021-04-28","date_unit":"day","version":"2021-04-28_07-49-44"},{"type_variant":"","type":"COVID19CT_Entry","entries":661,"geoRegion":"BE","datum":"2021-04-28","date_unit":"day","version":"2021-04-28_07-49-44"},{"type_variant":"","type":"COVID19CT_Entry","entries":146,"geoRegion":"BL","datum":"2021-04-28","date_unit":"day","version":"2021-04-28_07-49-44"},{"type_variant":"","type":"COVID19CT_Entry","entries":221,"geoRegion":"BS","datum":"2021-04-28","date_unit":"day","version":"2021-04-28_07-49-44"},{"type_variant":"","type":"COVID19CT_Entry","entries":22,"geoRegion":"FL","datum":"2021-04-28","date_unit":"day","version":"2021-04-28_07-49-44"},{"type_variant":"","type":"COVID19CT_Entry","entries":73,"geoRegion":"FR","datum":"2021-04-28","date_unit":"day","version":"2021-04-28_07-49-44"},{"type_variant":"","type":"COVID19CT_Entry","entries":642,"geoRegion":"GE","datum":"2021-04-28","date_unit":"day","version":"2021-04-28_07-49-44"},{"type_variant":"","type":"COVID19CT_Entry","entries":32,"geoRegion":"GL","datum":"2021-04-28","date_unit":"day","version":"2021-04-28_07-49-44"},{"type_variant":"","type":"COVID19CT_Entry","entries":113,"geoRegion":"GR","datum":"2021-04-28","date_unit":"day","version":"2021-04-28_07-49-44"},{"type_variant":"","type":"COVID19CT_Entry","entries":0,"geoRegion":"JU","datum":"2021-04-28","date_unit":"day","version":"2021-04-28_07-49-44"},{"type_variant":"","type":"COVID19CT_Entry","entries":270,"geoRegion":"LU","datum":"2021-04-28","date_unit":"day","version":"2021-04-28_07-49-44"},{"type_variant":"","type":"COVID19CT_Entry","entries":129,"geoRegion":"NE","datum":"2021-04-28","date_unit":"day","version":"2021-04-28_07-49-44"},{"type_variant":"","type":"COVID19CT_Entry","entries":6,"geoRegion":"NW","datum":"2021-04-28","date_unit":"day","version":"2021-04-28_07-49-44"},{"type_variant":"","type":"COVID19CT_Entry","entries":22,"geoRegion":"OW","datum":"2021-04-28","date_unit":"day","version":"2021-04-28_07-49-44"},{"type_variant":"","type":"COVID19CT_Entry","entries":256,"geoRegion":"SG","datum":"2021-04-28","date_unit":"day","version":"2021-04-28_07-49-44"},{"type_variant":"","type":"COVID19CT_Entry","entries":80,"geoRegion":"SH","datum":"2021-04-28","date_unit":"day","version":"2021-04-28_07-49-44"},{"type_variant":"","type":"COVID19CT_Entry","entries":320,"geoRegion":"SO","datum":"2021-04-28","date_unit":"day","version":"2021-04-28_07-49-44"},{"type_variant":"","type":"COVID19CT_Entry","entries":94,"geoRegion":"SZ","datum":"2021-04-28","date_unit":"day","version":"2021-04-28_07-49-44"},{"type_variant":"","type":"COVID19CT_Entry","entries":186,"geoRegion":"TI","datum":"2021-04-28","date_unit":"day","version":"2021-04-28_07-49-44"},{"type_variant":"","type":"COVID19CT_Entry","entries":15,"geoRegion":"UR","datum":"2021-04-28","date_unit":"day","version":"2021-04-28_07-49-44"},{"type_variant":"","type":"COVID19CT_Entry","entries":874,"geoRegion":"VD","datum":"2021-04-28","date_unit":"day","version":"2021-04-28_07-49-44"},{"type_variant":"","type":"COVID19CT_Entry","entries":276,"geoRegion":"VS","datum":"2021-04-28","date_unit":"day","version":"2021-04-28_07-49-44"},{"type_variant":"","type":"COVID19CT_Entry","entries":249,"geoRegion":"ZG","datum":"2021-04-28","date_unit":"day","version":"2021-04-28_07-49-44"},{"type_variant":"","type":"COVID19CT_Entry","entries":0,"geoRegion":"ZH","datum":"2021-04-28","date_unit":"day","version":"2021-04-28_07-49-44"}]