[{"geoRegion":"CH","geoLevel":"ISO2","type":"COVID19IntQua","version":"2021-04-26_00-00-00"},{"geoRegion":"AD","geoLevel":"ISO2","quarantineStart":"2020-08-20","type":"COVID19IntQua","version":"2021-04-26_00-00-00"},{"geoRegion":"AE","geoLevel":"ISO2","quarantineStart":"2021-02-22","quarantineEnd":"2021-04-08","type":"COVID19IntQua","version":"2021-04-26_00-00-00"},{"geoRegion":"AF","geoLevel":"ISO2","type":"COVID19IntQua","version":"2021-04-26_00-00-00"},{"geoRegion":"AG","geoLevel":"ISO2","quarantineStart":"2021-03-08","quarantineEnd":"2021-03-25","type":"COVID19IntQua","version":"2021-04-26_00-00-00"},{"geoRegion":"AI","geoLevel":"ISO2","type":"COVID19IntQua","version":"2021-04-26_00-00-00"},{"geoRegion":"AL","geoLevel":"ISO2","quarantineStart":"2021-02-22","quarantineEnd":"2021-04-08","type":"COVID19IntQua","version":"2021-04-26_00-00-00"},{"geoRegion":"AM","geoLevel":"ISO2","quarantineStart":"2021-04-19","type":"COVID19IntQua","version":"2021-04-26_00-00-00"},{"geoRegion":"AO","geoLevel":"ISO2","type":"COVID19IntQua","version":"2021-04-26_00-00-00"},{"geoRegion":"AQ","geoLevel":"ISO2","type":"COVID19IntQua","version":"2021-04-26_00-00-00"},{"geoRegion":"AR","geoLevel":"ISO2","quarantineStart":"2021-05-03","type":"COVID19IntQua","version":"2021-04-26_00-00-00"},{"geoRegion":"AS","geoLevel":"ISO2","type":"COVID19IntQua","version":"2021-04-26_00-00-00"},{"geoRegion":"AT11","geoLevel":"NUTS-2","quarantineStart":"2021-03-22","type":"COVID19IntQua","version":"2021-04-26_00-00-00"},{"geoRegion":"AT12","geoLevel":"NUTS-2","quarantineStart":"2021-03-08","type":"COVID19IntQua","version":"2021-04-26_00-00-00"},{"geoRegion":"AT13","geoLevel":"NUTS-2","quarantineStart":"2021-03-22","type":"COVID19IntQua","version":"2021-04-26_00-00-00"},{"geoRegion":"AT21","geoLevel":"NUTS-2","quarantineStart":"2021-03-08","type":"COVID19IntQua","version":"2021-04-26_00-00-00"},{"geoRegion":"AT22","geoLevel":"NUTS-2","quarantineStart":"2021-03-08","quarantineEnd":"2021-04-22","type":"COVID19IntQua","version":"2021-04-26_00-00-00"},{"geoRegion":"AT31","geoLevel":"NUTS-2","quarantineStart":"2021-03-22","type":"COVID19IntQua","version":"2021-04-26_00-00-00"},{"geoRegion":"AT32","geoLevel":"NUTS-2","quarantineStart":"2021-02-01","type":"COVID19IntQua","version":"2021-04-26_00-00-00"},{"geoRegion":"AT33","geoLevel":"NUTS-2","type":"COVID19IntQua","version":"2021-04-26_00-00-00"},{"geoRegion":"AT34","geoLevel":"NUTS-2","type":"COVID19IntQua","version":"2021-04-26_00-00-00"},{"geoRegion":"AU","geoLevel":"ISO2","type":"COVID19IntQua","version":"2021-04-26_00-00-00"},{"geoRegion":"AW","geoLevel":"ISO2","quarantineStart":"2021-01-15","type":"COVID19IntQua","version":"2021-04-26_00-00-00"},{"geoRegion":"AX","geoLevel":"ISO2","type":"COVID19IntQua","version":"2021-04-26_00-00-00"},{"geoRegion":"AZ","geoLevel":"ISO2","quarantineStart":"2020-07-06","quarantineEnd":"2020-08-08","type":"COVID19IntQua","version":"2021-04-26_00-00-00"},{"geoRegion":"BA","geoLevel":"ISO2","quarantineStart":"2021-04-05","type":"COVID19IntQua","version":"2021-04-26_00-00-00"},{"geoRegion":"BB","geoLevel":"ISO2","quarantineStart":"2021-03-08","quarantineEnd":"2021-03-25","type":"COVID19IntQua","version":"2021-04-26_00-00-00"},{"geoRegion":"BD","geoLevel":"ISO2","type":"COVID19IntQua","version":"2021-04-26_00-00-00"},{"geoRegion":"BE","geoLevel":"ISO2","quarantineStart":"2021-03-22","type":"COVID19IntQua","version":"2021-04-26_00-00-00"},{"geoRegion":"BF","geoLevel":"ISO2","type":"COVID19IntQua","version":"2021-04-26_00-00-00"},{"geoRegion":"BG","geoLevel":"ISO2","quarantineStart":"2021-03-22","type":"COVID19IntQua","version":"2021-04-26_00-00-00"},{"geoRegion":"BH","geoLevel":"ISO2","quarantineStart":"2021-02-22","type":"COVID19IntQua","version":"2021-04-26_00-00-00"},{"geoRegion":"BI","geoLevel":"ISO2","type":"COVID19IntQua","version":"2021-04-26_00-00-00"},{"geoRegion":"BJ","geoLevel":"ISO2","type":"COVID19IntQua","version":"2021-04-26_00-00-00"},{"geoRegion":"BL","geoLevel":"ISO2","type":"COVID19IntQua","version":"2021-04-26_00-00-00"},{"geoRegion":"BM","geoLevel":"ISO2","type":"COVID19IntQua","version":"2021-04-26_00-00-00"},{"geoRegion":"BN","geoLevel":"ISO2","type":"COVID19IntQua","version":"2021-04-26_00-00-00"},{"geoRegion":"BO","geoLevel":"ISO2","quarantineStart":"2020-07-06","quarantineEnd":"2020-10-12","type":"COVID19IntQua","version":"2021-04-26_00-00-00"},{"geoRegion":"BQ","geoLevel":"ISO2","quarantineStart":"2021-01-15","type":"COVID19IntQua","version":"2021-04-26_00-00-00"},{"geoRegion":"BR","geoLevel":"ISO2","quarantineStart":"2021-01-21","type":"COVID19IntQua","version":"2021-04-26_00-00-00"},{"geoRegion":"BS","geoLevel":"ISO2","quarantineStart":"2020-08-08","quarantineEnd":"2020-10-29","type":"COVID19IntQua","version":"2021-04-26_00-00-00"},{"geoRegion":"BT","geoLevel":"ISO2","type":"COVID19IntQua","version":"2021-04-26_00-00-00"},{"geoRegion":"BV","geoLevel":"ISO2","type":"COVID19IntQua","version":"2021-04-26_00-00-00"},{"geoRegion":"BW","geoLevel":"ISO2","type":"COVID19IntQua","version":"2021-04-26_00-00-00"},{"geoRegion":"BY","geoLevel":"ISO2","quarantineStart":"2020-07-06","quarantineEnd":"2020-07-23","type":"COVID19IntQua","version":"2021-04-26_00-00-00"},{"geoRegion":"BZ","geoLevel":"ISO2","quarantineStart":"2020-12-28","quarantineEnd":"2021-01-07","type":"COVID19IntQua","version":"2021-04-26_00-00-00"},{"geoRegion":"CA","geoLevel":"ISO2","quarantineStart":"2021-04-16","type":"COVID19IntQua","version":"2021-04-26_00-00-00"},{"geoRegion":"CC","geoLevel":"ISO2","type":"COVID19IntQua","version":"2021-04-26_00-00-00"},{"geoRegion":"CD","geoLevel":"ISO2","type":"COVID19IntQua","version":"2021-04-26_00-00-00"},{"geoRegion":"CF","geoLevel":"ISO2","type":"COVID19IntQua","version":"2021-04-26_00-00-00"},{"geoRegion":"CG","geoLevel":"ISO2","type":"COVID19IntQua","version":"2021-04-26_00-00-00"},{"geoRegion":"CI","geoLevel":"ISO2","type":"COVID19IntQua","version":"2021-04-26_00-00-00"},{"geoRegion":"CK","geoLevel":"ISO2","type":"COVID19IntQua","version":"2021-04-26_00-00-00"},{"geoRegion":"CL","geoLevel":"ISO2","quarantineStart":"2021-03-08","type":"COVID19IntQua","version":"2021-04-26_00-00-00"},{"geoRegion":"CM","geoLevel":"ISO2","type":"COVID19IntQua","version":"2021-04-26_00-00-00"},{"geoRegion":"CN","geoLevel":"ISO2","type":"COVID19IntQua","version":"2021-04-26_00-00-00"},{"geoRegion":"CO","geoLevel":"ISO2","quarantineStart":"2021-02-22","quarantineEnd":"2021-02-25","type":"COVID19IntQua","version":"2021-04-26_00-00-00"},{"geoRegion":"CR","geoLevel":"ISO2","quarantineStart":"2020-07-23","quarantineEnd":"2020-10-29","type":"COVID19IntQua","version":"2021-04-26_00-00-00"},{"geoRegion":"CU","geoLevel":"ISO2","type":"COVID19IntQua","version":"2021-04-26_00-00-00"},{"geoRegion":"CV","geoLevel":"ISO2","quarantineStart":"2021-05-03","type":"COVID19IntQua","version":"2021-04-26_00-00-00"},{"geoRegion":"CW","geoLevel":"ISO2","quarantineStart":"2021-01-15","type":"COVID19IntQua","version":"2021-04-26_00-00-00"},{"geoRegion":"CX","geoLevel":"ISO2","type":"COVID19IntQua","version":"2021-04-26_00-00-00"},{"geoRegion":"CY","geoLevel":"ISO2","quarantineStart":"2021-03-22","type":"COVID19IntQua","version":"2021-04-26_00-00-00"},{"geoRegion":"CZ","geoLevel":"ISO2","quarantineStart":"2021-01-15","type":"COVID19IntQua","version":"2021-04-26_00-00-00"},{"geoRegion":"DE1","geoLevel":"NUTS-1","type":"COVID19IntQua","version":"2021-04-26_00-00-00"},{"geoRegion":"DE2","geoLevel":"NUTS-1","type":"COVID19IntQua","version":"2021-04-26_00-00-00"},{"geoRegion":"DE3","geoLevel":"NUTS-1","quarantineStart":"2020-10-12","quarantineEnd":"2020-10-29","type":"COVID19IntQua","version":"2021-04-26_00-00-00"},{"geoRegion":"DE4","geoLevel":"NUTS-1","quarantineStart":"2021-02-22","quarantineEnd":"2021-02-25","type":"COVID19IntQua","version":"2021-04-26_00-00-00"},{"geoRegion":"DE5","geoLevel":"NUTS-1","type":"COVID19IntQua","version":"2021-04-26_00-00-00"},{"geoRegion":"DE6","geoLevel":"NUTS-1","quarantineStart":"2020-10-12","quarantineEnd":"2020-10-29","type":"COVID19IntQua","version":"2021-04-26_00-00-00"},{"geoRegion":"DE7","geoLevel":"NUTS-1","type":"COVID19IntQua","version":"2021-04-26_00-00-00"},{"geoRegion":"DE8","geoLevel":"NUTS-1","type":"COVID19IntQua","version":"2021-04-26_00-00-00"},{"geoRegion":"DE9","geoLevel":"NUTS-1","type":"COVID19IntQua","version":"2021-04-26_00-00-00"},{"geoRegion":"DEA","geoLevel":"NUTS-1","type":"COVID19IntQua","version":"2021-04-26_00-00-00"},{"geoRegion":"DEB","geoLevel":"NUTS-1","type":"COVID19IntQua","version":"2021-04-26_00-00-00"},{"geoRegion":"DEC","geoLevel":"NUTS-1","type":"COVID19IntQua","version":"2021-04-26_00-00-00"},{"geoRegion":"DED","geoLevel":"NUTS-1","quarantineStart":"2021-04-19","type":"COVID19IntQua","version":"2021-04-26_00-00-00"},{"geoRegion":"DEE","geoLevel":"NUTS-1","quarantineStart":"2021-02-22","quarantineEnd":"2021-02-25","type":"COVID19IntQua","version":"2021-04-26_00-00-00"},{"geoRegion":"DEF","geoLevel":"NUTS-1","type":"COVID19IntQua","version":"2021-04-26_00-00-00"},{"geoRegion":"DEG","geoLevel":"NUTS-1","quarantineStart":"2021-03-22","type":"COVID19IntQua","version":"2021-04-26_00-00-00"},{"geoRegion":"DJ","geoLevel":"ISO2","type":"COVID19IntQua","version":"2021-04-26_00-00-00"},{"geoRegion":"DK","geoLevel":"ISO2","quarantineStart":"2021-01-15","quarantineEnd":"2021-01-21","type":"COVID19IntQua","version":"2021-04-26_00-00-00"},{"geoRegion":"DM","geoLevel":"ISO2","type":"COVID19IntQua","version":"2021-04-26_00-00-00"},{"geoRegion":"DO","geoLevel":"ISO2","quarantineStart":"2020-07-06","quarantineEnd":"2020-10-12","type":"COVID19IntQua","version":"2021-04-26_00-00-00"},{"geoRegion":"DZ","geoLevel":"ISO2","type":"COVID19IntQua","version":"2021-04-26_00-00-00"},{"geoRegion":"EC","geoLevel":"ISO2","quarantineStart":"2020-09-28","quarantineEnd":"2020-10-29","type":"COVID19IntQua","version":"2021-04-26_00-00-00"},{"geoRegion":"EE","geoLevel":"ISO2","quarantineStart":"2021-02-01","type":"COVID19IntQua","version":"2021-04-26_00-00-00"},{"geoRegion":"EG","geoLevel":"ISO2","quarantineStart":"2021-05-03","type":"COVID19IntQua","version":"2021-04-26_00-00-00"},{"geoRegion":"EH","geoLevel":"ISO2","type":"COVID19IntQua","version":"2021-04-26_00-00-00"},{"geoRegion":"ER","geoLevel":"ISO2","type":"COVID19IntQua","version":"2021-04-26_00-00-00"},{"geoRegion":"ES","geoLevel":"ISO2","quarantineStart":"2021-02-01","quarantineEnd":"2021-03-11","type":"COVID19IntQua","version":"2021-04-26_00-00-00"},{"geoRegion":"ET","geoLevel":"ISO2","type":"COVID19IntQua","version":"2021-04-26_00-00-00"},{"geoRegion":"FI","geoLevel":"ISO2","type":"COVID19IntQua","version":"2021-04-26_00-00-00"},{"geoRegion":"FJ","geoLevel":"ISO2","type":"COVID19IntQua","version":"2021-04-26_00-00-00"},{"geoRegion":"FK","geoLevel":"ISO2","type":"COVID19IntQua","version":"2021-04-26_00-00-00"},{"geoRegion":"FM","geoLevel":"ISO2","type":"COVID19IntQua","version":"2021-04-26_00-00-00"},{"geoRegion":"FO","geoLevel":"ISO2","quarantineStart":"2020-08-20","quarantineEnd":"2020-09-14","type":"COVID19IntQua","version":"2021-04-26_00-00-00"},{"geoRegion":"FR1","geoLevel":"NUTS-1","quarantineStart":"2021-02-22","type":"COVID19IntQua","version":"2021-04-26_00-00-00"},{"geoRegion":"FRB","geoLevel":"NUTS-1","quarantineStart":"2021-02-22","type":"COVID19IntQua","version":"2021-04-26_00-00-00"},{"geoRegion":"FRC","geoLevel":"NUTS-1","type":"COVID19IntQua","version":"2021-04-26_00-00-00"},{"geoRegion":"FRD","geoLevel":"NUTS-1","quarantineStart":"2021-02-22","type":"COVID19IntQua","version":"2021-04-26_00-00-00"},{"geoRegion":"FRE","geoLevel":"NUTS-1","quarantineStart":"2021-02-22","type":"COVID19IntQua","version":"2021-04-26_00-00-00"},{"geoRegion":"FRF","geoLevel":"NUTS-1","type":"COVID19IntQua","version":"2021-04-26_00-00-00"},{"geoRegion":"FRG","geoLevel":"NUTS-1","quarantineStart":"2021-02-22","type":"COVID19IntQua","version":"2021-04-26_00-00-00"},{"geoRegion":"FRH","geoLevel":"NUTS-1","quarantineStart":"2021-04-19","type":"COVID19IntQua","version":"2021-04-26_00-00-00"},{"geoRegion":"FRI","geoLevel":"NUTS-1","quarantineStart":"2021-04-19","type":"COVID19IntQua","version":"2021-04-26_00-00-00"},{"geoRegion":"FRJ","geoLevel":"NUTS-1","quarantineStart":"2021-02-22","type":"COVID19IntQua","version":"2021-04-26_00-00-00"},{"geoRegion":"FRK","geoLevel":"NUTS-1","type":"COVID19IntQua","version":"2021-04-26_00-00-00"},{"geoRegion":"FRL","geoLevel":"NUTS-1","quarantineStart":"2021-02-01","type":"COVID19IntQua","version":"2021-04-26_00-00-00"},{"geoRegion":"FRM","geoLevel":"NUTS-1","quarantineStart":"2021-03-22","quarantineEnd":"2021-04-08","type":"COVID19IntQua","version":"2021-04-26_00-00-00"},{"geoRegion":"FRY","geoLevel":"NUTS-1","quarantineStart":"2020-09-14","quarantineEnd":"2020-10-29","type":"COVID19IntQua","version":"2021-04-26_00-00-00"},{"geoRegion":"GA","geoLevel":"ISO2","type":"COVID19IntQua","version":"2021-04-26_00-00-00"},{"geoRegion":"GB","geoLevel":"ISO2","quarantineStart":"2020-12-14","quarantineEnd":"2021-03-25","type":"COVID19IntQua","version":"2021-04-26_00-00-00"},{"geoRegion":"GD","geoLevel":"ISO2","type":"COVID19IntQua","version":"2021-04-26_00-00-00"},{"geoRegion":"GE","geoLevel":"ISO2","quarantineStart":"2020-12-14","quarantineEnd":"2021-01-21","type":"COVID19IntQua","version":"2021-04-26_00-00-00"},{"geoRegion":"GF","geoLevel":"ISO2","type":"COVID19IntQua","version":"2021-04-26_00-00-00"},{"geoRegion":"GG","geoLevel":"ISO2","type":"COVID19IntQua","version":"2021-04-26_00-00-00"},{"geoRegion":"GH","geoLevel":"ISO2","type":"COVID19IntQua","version":"2021-04-26_00-00-00"},{"geoRegion":"GI","geoLevel":"ISO2","quarantineStart":"2020-08-20","quarantineEnd":"2020-10-29","type":"COVID19IntQua","version":"2021-04-26_00-00-00"},{"geoRegion":"GL","geoLevel":"ISO2","type":"COVID19IntQua","version":"2021-04-26_00-00-00"},{"geoRegion":"GM","geoLevel":"ISO2","type":"COVID19IntQua","version":"2021-04-26_00-00-00"},{"geoRegion":"GN","geoLevel":"ISO2","type":"COVID19IntQua","version":"2021-04-26_00-00-00"},{"geoRegion":"GP","geoLevel":"ISO2","type":"COVID19IntQua","version":"2021-04-26_00-00-00"},{"geoRegion":"GQ","geoLevel":"ISO2","quarantineStart":"2020-08-08","quarantineEnd":"2020-08-20","type":"COVID19IntQua","version":"2021-04-26_00-00-00"},{"geoRegion":"GR","geoLevel":"ISO2","quarantineStart":"2021-04-05","type":"COVID19IntQua","version":"2021-04-26_00-00-00"},{"geoRegion":"GS","geoLevel":"ISO2","type":"COVID19IntQua","version":"2021-04-26_00-00-00"},{"geoRegion":"GT","geoLevel":"ISO2","quarantineStart":"2020-07-23","quarantineEnd":"2020-09-14","type":"COVID19IntQua","version":"2021-04-26_00-00-00"},{"geoRegion":"GU","geoLevel":"ISO2","quarantineStart":"2020-08-20","quarantineEnd":"2020-10-29","type":"COVID19IntQua","version":"2021-04-26_00-00-00"},{"geoRegion":"GW","geoLevel":"ISO2","type":"COVID19IntQua","version":"2021-04-26_00-00-00"},{"geoRegion":"GY","geoLevel":"ISO2","quarantineStart":"2020-09-07","quarantineEnd":"2020-10-29","type":"COVID19IntQua","version":"2021-04-26_00-00-00"},{"geoRegion":"HK","geoLevel":"ISO2","type":"COVID19IntQua","version":"2021-04-26_00-00-00"},{"geoRegion":"HM","geoLevel":"ISO2","type":"COVID19IntQua","version":"2021-04-26_00-00-00"},{"geoRegion":"HN","geoLevel":"ISO2","quarantineStart":"2020-07-06","quarantineEnd":"2020-10-29","type":"COVID19IntQua","version":"2021-04-26_00-00-00"},{"geoRegion":"HR","geoLevel":"ISO2","quarantineStart":"2021-04-19","type":"COVID19IntQua","version":"2021-04-26_00-00-00"},{"geoRegion":"HT","geoLevel":"ISO2","type":"COVID19IntQua","version":"2021-04-26_00-00-00"},{"geoRegion":"HU","geoLevel":"ISO2","quarantineStart":"2021-03-22","type":"COVID19IntQua","version":"2021-04-26_00-00-00"},{"geoRegion":"ID","geoLevel":"ISO2","type":"COVID19IntQua","version":"2021-04-26_00-00-00"},{"geoRegion":"IE","geoLevel":"ISO2","quarantineStart":"2021-01-12","quarantineEnd":"2021-03-25","type":"COVID19IntQua","version":"2021-04-26_00-00-00"},{"geoRegion":"IL","geoLevel":"ISO2","quarantineStart":"2021-02-01","quarantineEnd":"2021-04-08","type":"COVID19IntQua","version":"2021-04-26_00-00-00"},{"geoRegion":"IM","geoLevel":"ISO2","type":"COVID19IntQua","version":"2021-04-26_00-00-00"},{"geoRegion":"IN","geoLevel":"ISO2","quarantineStart":"2021-04-26","type":"COVID19IntQua","version":"2021-04-26_00-00-00"},{"geoRegion":"IO","geoLevel":"ISO2","type":"COVID19IntQua","version":"2021-04-26_00-00-00"},{"geoRegion":"IQ","geoLevel":"ISO2","quarantineStart":"2020-07-06","quarantineEnd":"2020-10-29","type":"COVID19IntQua","version":"2021-04-26_00-00-00"},{"geoRegion":"IR","geoLevel":"ISO2","quarantineStart":"2020-10-12","quarantineEnd":"2020-10-29","type":"COVID19IntQua","version":"2021-04-26_00-00-00"},{"geoRegion":"IS","geoLevel":"ISO2","quarantineStart":"2020-09-28","quarantineEnd":"2020-10-29","type":"COVID19IntQua","version":"2021-04-26_00-00-00"},{"geoRegion":"ITC1","geoLevel":"NUTS-2","type":"COVID19IntQua","version":"2021-04-26_00-00-00"},{"geoRegion":"ITC2","geoLevel":"NUTS-2","type":"COVID19IntQua","version":"2021-04-26_00-00-00"},{"geoRegion":"ITC3","geoLevel":"NUTS-2","quarantineStart":"2021-03-08","quarantineEnd":"2021-04-22","type":"COVID19IntQua","version":"2021-04-26_00-00-00"},{"geoRegion":"ITC4","geoLevel":"NUTS-2","type":"COVID19IntQua","version":"2021-04-26_00-00-00"},{"geoRegion":"ITF1","geoLevel":"NUTS-2","quarantineStart":"2021-03-08","quarantineEnd":"2021-04-08","type":"COVID19IntQua","version":"2021-04-26_00-00-00"},{"geoRegion":"ITF2","geoLevel":"NUTS-2","quarantineStart":"2021-03-08","quarantineEnd":"2021-04-08","type":"COVID19IntQua","version":"2021-04-26_00-00-00"},{"geoRegion":"ITF3","geoLevel":"NUTS-2","quarantineStart":"2021-03-08","type":"COVID19IntQua","version":"2021-04-26_00-00-00"},{"geoRegion":"ITF4","geoLevel":"NUTS-2","quarantineStart":"2021-04-19","type":"COVID19IntQua","version":"2021-04-26_00-00-00"},{"geoRegion":"ITF5","geoLevel":"NUTS-2","quarantineStart":"2021-03-22","quarantineEnd":"2021-04-08","type":"COVID19IntQua","version":"2021-04-26_00-00-00"},{"geoRegion":"ITF6","geoLevel":"NUTS-2","type":"COVID19IntQua","version":"2021-04-26_00-00-00"},{"geoRegion":"ITG1","geoLevel":"NUTS-2","type":"COVID19IntQua","version":"2021-04-26_00-00-00"},{"geoRegion":"ITG2","geoLevel":"NUTS-2","quarantineStart":"2020-10-12","quarantineEnd":"2020-10-29","type":"COVID19IntQua","version":"2021-04-26_00-00-00"},{"geoRegion":"ITH1","geoLevel":"NUTS-2","type":"COVID19IntQua","version":"2021-04-26_00-00-00"},{"geoRegion":"ITH2","geoLevel":"NUTS-2","type":"COVID19IntQua","version":"2021-04-26_00-00-00"},{"geoRegion":"ITH3","geoLevel":"NUTS-2","quarantineStart":"2021-03-22","quarantineEnd":"2021-04-22","type":"COVID19IntQua","version":"2021-04-26_00-00-00"},{"geoRegion":"ITH4","geoLevel":"NUTS-2","quarantineStart":"2021-02-01","type":"COVID19IntQua","version":"2021-04-26_00-00-00"},{"geoRegion":"ITH5","geoLevel":"NUTS-2","quarantineStart":"2021-02-01","type":"COVID19IntQua","version":"2021-04-26_00-00-00"},{"geoRegion":"ITI1","geoLevel":"NUTS-2","quarantineStart":"2021-03-08","type":"COVID19IntQua","version":"2021-04-26_00-00-00"},{"geoRegion":"ITI2","geoLevel":"NUTS-2","quarantineStart":"2021-02-22","quarantineEnd":"2021-04-08","type":"COVID19IntQua","version":"2021-04-26_00-00-00"},{"geoRegion":"ITI3","geoLevel":"NUTS-2","quarantineStart":"2021-02-22","quarantineEnd":"2021-04-22","type":"COVID19IntQua","version":"2021-04-26_00-00-00"},{"geoRegion":"ITI4","geoLevel":"NUTS-2","quarantineStart":"2021-03-22","quarantineEnd":"2021-04-22","type":"COVID19IntQua","version":"2021-04-26_00-00-00"},{"geoRegion":"JE","geoLevel":"ISO2","type":"COVID19IntQua","version":"2021-04-26_00-00-00"},{"geoRegion":"JM","geoLevel":"ISO2","quarantineStart":"2021-04-05","quarantineEnd":"2021-04-08","type":"COVID19IntQua","version":"2021-04-26_00-00-00"},{"geoRegion":"JO","geoLevel":"ISO2","quarantineStart":"2021-03-22","type":"COVID19IntQua","version":"2021-04-26_00-00-00"},{"geoRegion":"JP","geoLevel":"ISO2","type":"COVID19IntQua","version":"2021-04-26_00-00-00"},{"geoRegion":"KE","geoLevel":"ISO2","type":"COVID19IntQua","version":"2021-04-26_00-00-00"},{"geoRegion":"KG","geoLevel":"ISO2","quarantineStart":"2020-07-23","quarantineEnd":"2020-09-07","type":"COVID19IntQua","version":"2021-04-26_00-00-00"},{"geoRegion":"KH","geoLevel":"ISO2","type":"COVID19IntQua","version":"2021-04-26_00-00-00"},{"geoRegion":"KI","geoLevel":"ISO2","type":"COVID19IntQua","version":"2021-04-26_00-00-00"},{"geoRegion":"KM","geoLevel":"ISO2","type":"COVID19IntQua","version":"2021-04-26_00-00-00"},{"geoRegion":"KN","geoLevel":"ISO2","type":"COVID19IntQua","version":"2021-04-26_00-00-00"},{"geoRegion":"KP","geoLevel":"ISO2","type":"COVID19IntQua","version":"2021-04-26_00-00-00"},{"geoRegion":"KR","geoLevel":"ISO2","type":"COVID19IntQua","version":"2021-04-26_00-00-00"},{"geoRegion":"KW","geoLevel":"ISO2","quarantineStart":"2021-03-08","type":"COVID19IntQua","version":"2021-04-26_00-00-00"},{"geoRegion":"KY","geoLevel":"ISO2","type":"COVID19IntQua","version":"2021-04-26_00-00-00"},{"geoRegion":"KZ","geoLevel":"ISO2","quarantineStart":"2020-07-23","quarantineEnd":"2020-09-07","type":"COVID19IntQua","version":"2021-04-26_00-00-00"},{"geoRegion":"LA","geoLevel":"ISO2","type":"COVID19IntQua","version":"2021-04-26_00-00-00"},{"geoRegion":"LB","geoLevel":"ISO2","quarantineStart":"2021-02-01","type":"COVID19IntQua","version":"2021-04-26_00-00-00"},{"geoRegion":"LC","geoLevel":"ISO2","quarantineStart":"2021-02-22","quarantineEnd":"2021-03-25","type":"COVID19IntQua","version":"2021-04-26_00-00-00"},{"geoRegion":"LI","geoLevel":"ISO2","type":"COVID19IntQua","version":"2021-04-26_00-00-00"},{"geoRegion":"LK","geoLevel":"ISO2","type":"COVID19IntQua","version":"2021-04-26_00-00-00"},{"geoRegion":"LR","geoLevel":"ISO2","type":"COVID19IntQua","version":"2021-04-26_00-00-00"},{"geoRegion":"LS","geoLevel":"ISO2","type":"COVID19IntQua","version":"2021-04-26_00-00-00"},{"geoRegion":"LT","geoLevel":"ISO2","quarantineStart":"2021-04-19","type":"COVID19IntQua","version":"2021-04-26_00-00-00"},{"geoRegion":"LU","geoLevel":"ISO2","quarantineStart":"2021-03-08","type":"COVID19IntQua","version":"2021-04-26_00-00-00"},{"geoRegion":"LV","geoLevel":"ISO2","quarantineStart":"2021-02-01","quarantineEnd":"2021-04-22","type":"COVID19IntQua","version":"2021-04-26_00-00-00"},{"geoRegion":"LY","geoLevel":"ISO2","quarantineStart":"2020-09-07","quarantineEnd":"2020-10-29","type":"COVID19IntQua","version":"2021-04-26_00-00-00"},{"geoRegion":"MA","geoLevel":"ISO2","quarantineStart":"2020-09-28","quarantineEnd":"2020-10-29","type":"COVID19IntQua","version":"2021-04-26_00-00-00"},{"geoRegion":"MC","geoLevel":"ISO2","quarantineStart":"2021-02-01","quarantineEnd":"2021-04-22","type":"COVID19IntQua","version":"2021-04-26_00-00-00"},{"geoRegion":"MD","geoLevel":"ISO2","quarantineStart":"2021-03-08","quarantineEnd":"2021-04-22","type":"COVID19IntQua","version":"2021-04-26_00-00-00"},{"geoRegion":"ME","geoLevel":"ISO2","quarantineStart":"2020-11-23","type":"COVID19IntQua","version":"2021-04-26_00-00-00"},{"geoRegion":"MF","geoLevel":"ISO2","type":"COVID19IntQua","version":"2021-04-26_00-00-00"},{"geoRegion":"MG","geoLevel":"ISO2","type":"COVID19IntQua","version":"2021-04-26_00-00-00"},{"geoRegion":"MH","geoLevel":"ISO2","type":"COVID19IntQua","version":"2021-04-26_00-00-00"},{"geoRegion":"MK","geoLevel":"ISO2","quarantineStart":"2021-03-22","type":"COVID19IntQua","version":"2021-04-26_00-00-00"},{"geoRegion":"ML","geoLevel":"ISO2","type":"COVID19IntQua","version":"2021-04-26_00-00-00"},{"geoRegion":"MM","geoLevel":"ISO2","type":"COVID19IntQua","version":"2021-04-26_00-00-00"},{"geoRegion":"MN","geoLevel":"ISO2","type":"COVID19IntQua","version":"2021-04-26_00-00-00"},{"geoRegion":"MO","geoLevel":"ISO2","type":"COVID19IntQua","version":"2021-04-26_00-00-00"},{"geoRegion":"MP","geoLevel":"ISO2","type":"COVID19IntQua","version":"2021-04-26_00-00-00"},{"geoRegion":"MQ","geoLevel":"ISO2","type":"COVID19IntQua","version":"2021-04-26_00-00-00"},{"geoRegion":"MR","geoLevel":"ISO2","type":"COVID19IntQua","version":"2021-04-26_00-00-00"},{"geoRegion":"MS","geoLevel":"ISO2","type":"COVID19IntQua","version":"2021-04-26_00-00-00"},{"geoRegion":"MT","geoLevel":"ISO2","quarantineStart":"2021-02-01","quarantineEnd":"2021-04-22","type":"COVID19IntQua","version":"2021-04-26_00-00-00"},{"geoRegion":"MU","geoLevel":"ISO2","type":"COVID19IntQua","version":"2021-04-26_00-00-00"},{"geoRegion":"MV","geoLevel":"ISO2","quarantineStart":"2021-03-08","quarantineEnd":"2021-04-22","type":"COVID19IntQua","version":"2021-04-26_00-00-00"},{"geoRegion":"MW","geoLevel":"ISO2","type":"COVID19IntQua","version":"2021-04-26_00-00-00"},{"geoRegion":"MX","geoLevel":"ISO2","quarantineStart":"2021-05-03","type":"COVID19IntQua","version":"2021-04-26_00-00-00"},{"geoRegion":"MY","geoLevel":"ISO2","type":"COVID19IntQua","version":"2021-04-26_00-00-00"},{"geoRegion":"MZ","geoLevel":"ISO2","type":"COVID19IntQua","version":"2021-04-26_00-00-00"},{"geoLevel":"ISO2","quarantineStart":"2020-08-20","quarantineEnd":"2020-10-12","type":"COVID19IntQua","version":"2021-04-26_00-00-00"},{"geoRegion":"NC","geoLevel":"ISO2","type":"COVID19IntQua","version":"2021-04-26_00-00-00"},{"geoRegion":"NE","geoLevel":"ISO2","type":"COVID19IntQua","version":"2021-04-26_00-00-00"},{"geoRegion":"NF","geoLevel":"ISO2","type":"COVID19IntQua","version":"2021-04-26_00-00-00"},{"geoRegion":"NG","geoLevel":"ISO2","type":"COVID19IntQua","version":"2021-04-26_00-00-00"},{"geoRegion":"NI","geoLevel":"ISO2","type":"COVID19IntQua","version":"2021-04-26_00-00-00"},{"geoRegion":"NL","geoLevel":"ISO2","quarantineStart":"2021-01-15","type":"COVID19IntQua","version":"2021-04-26_00-00-00"},{"geoRegion":"NO","geoLevel":"ISO2","type":"COVID19IntQua","version":"2021-04-26_00-00-00"},{"geoRegion":"NP","geoLevel":"ISO2","quarantineStart":"2020-09-28","quarantineEnd":"2020-10-29","type":"COVID19IntQua","version":"2021-04-26_00-00-00"},{"geoRegion":"NR","geoLevel":"ISO2","type":"COVID19IntQua","version":"2021-04-26_00-00-00"},{"geoRegion":"NU","geoLevel":"ISO2","type":"COVID19IntQua","version":"2021-04-26_00-00-00"},{"geoRegion":"NZ","geoLevel":"ISO2","type":"COVID19IntQua","version":"2021-04-26_00-00-00"},{"geoRegion":"OM","geoLevel":"ISO2","quarantineStart":"2020-09-28","quarantineEnd":"2020-10-29","type":"COVID19IntQua","version":"2021-04-26_00-00-00"},{"geoRegion":"PA","geoLevel":"ISO2","quarantineStart":"2021-01-15","quarantineEnd":"2021-02-25","type":"COVID19IntQua","version":"2021-04-26_00-00-00"},{"geoRegion":"PE","geoLevel":"ISO2","quarantineStart":"2021-03-08","quarantineEnd":"2021-04-22","type":"COVID19IntQua","version":"2021-04-26_00-00-00"},{"geoRegion":"PF","geoLevel":"ISO2","quarantineStart":"2020-09-07","quarantineEnd":"2020-12-19","type":"COVID19IntQua","version":"2021-04-26_00-00-00"},{"geoRegion":"PG","geoLevel":"ISO2","type":"COVID19IntQua","version":"2021-04-26_00-00-00"},{"geoRegion":"PH","geoLevel":"ISO2","type":"COVID19IntQua","version":"2021-04-26_00-00-00"},{"geoRegion":"PK","geoLevel":"ISO2","type":"COVID19IntQua","version":"2021-04-26_00-00-00"},{"geoRegion":"PL","geoLevel":"ISO2","quarantineStart":"2021-03-22","type":"COVID19IntQua","version":"2021-04-26_00-00-00"},{"geoRegion":"PM","geoLevel":"ISO2","type":"COVID19IntQua","version":"2021-04-26_00-00-00"},{"geoRegion":"PN","geoLevel":"ISO2","type":"COVID19IntQua","version":"2021-04-26_00-00-00"},{"geoRegion":"PR","geoLevel":"ISO2","type":"COVID19IntQua","version":"2021-04-26_00-00-00"},{"geoRegion":"PS","geoLevel":"ISO2","quarantineStart":"2021-03-22","type":"COVID19IntQua","version":"2021-04-26_00-00-00"},{"geoRegion":"PT","geoLevel":"ISO2","quarantineStart":"2021-02-01","quarantineEnd":"2021-03-11","type":"COVID19IntQua","version":"2021-04-26_00-00-00"},{"geoRegion":"PW","geoLevel":"ISO2","type":"COVID19IntQua","version":"2021-04-26_00-00-00"},{"geoRegion":"PY","geoLevel":"ISO2","quarantineStart":"2021-04-05","type":"COVID19IntQua","version":"2021-04-26_00-00-00"},{"geoRegion":"QA","geoLevel":"ISO2","quarantineStart":"2021-05-03","type":"COVID19IntQua","version":"2021-04-26_00-00-00"},{"geoRegion":"RE","geoLevel":"ISO2","type":"COVID19IntQua","version":"2021-04-26_00-00-00"},{"geoRegion":"RO","geoLevel":"ISO2","quarantineStart":"2021-03-22","quarantineEnd":"2021-04-22","type":"COVID19IntQua","version":"2021-04-26_00-00-00"},{"geoRegion":"RS","geoLevel":"ISO2","quarantineStart":"2021-02-22","type":"COVID19IntQua","version":"2021-04-26_00-00-00"},{"geoRegion":"RU","geoLevel":"ISO2","quarantineStart":"2020-10-12","quarantineEnd":"2020-10-29","type":"COVID19IntQua","version":"2021-04-26_00-00-00"},{"geoRegion":"RW","geoLevel":"ISO2","type":"COVID19IntQua","version":"2021-04-26_00-00-00"},{"geoRegion":"SA","geoLevel":"ISO2","quarantineStart":"2020-07-06","quarantineEnd":"2020-08-20","type":"COVID19IntQua","version":"2021-04-26_00-00-00"},{"geoRegion":"SB","geoLevel":"ISO2","type":"COVID19IntQua","version":"2021-04-26_00-00-00"},{"geoRegion":"SC","geoLevel":"ISO2","quarantineStart":"2021-02-22","type":"COVID19IntQua","version":"2021-04-26_00-00-00"},{"geoRegion":"SD","geoLevel":"ISO2","type":"COVID19IntQua","version":"2021-04-26_00-00-00"},{"geoRegion":"SE","geoLevel":"ISO2","quarantineStart":"2020-12-28","type":"COVID19IntQua","version":"2021-04-26_00-00-00"},{"geoRegion":"SG","geoLevel":"ISO2","quarantineStart":"2020-08-08","quarantineEnd":"2020-08-20","type":"COVID19IntQua","version":"2021-04-26_00-00-00"},{"geoRegion":"SH","geoLevel":"ISO2","type":"COVID19IntQua","version":"2021-04-26_00-00-00"},{"geoRegion":"SI","geoLevel":"ISO2","quarantineStart":"2020-12-14","type":"COVID19IntQua","version":"2021-04-26_00-00-00"},{"geoRegion":"SJ","geoLevel":"ISO2","type":"COVID19IntQua","version":"2021-04-26_00-00-00"},{"geoRegion":"SK","geoLevel":"ISO2","quarantineStart":"2021-02-01","quarantineEnd":"2021-04-22","type":"COVID19IntQua","version":"2021-04-26_00-00-00"},{"geoRegion":"SL","geoLevel":"ISO2","type":"COVID19IntQua","version":"2021-04-26_00-00-00"},{"geoRegion":"SM","geoLevel":"ISO2","quarantineStart":"2020-12-14","type":"COVID19IntQua","version":"2021-04-26_00-00-00"},{"geoRegion":"SN","geoLevel":"ISO2","type":"COVID19IntQua","version":"2021-04-26_00-00-00"},{"geoRegion":"SO","geoLevel":"ISO2","type":"COVID19IntQua","version":"2021-04-26_00-00-00"},{"geoRegion":"SR","geoLevel":"ISO2","quarantineStart":"2020-07-23","quarantineEnd":"2020-10-12","type":"COVID19IntQua","version":"2021-04-26_00-00-00"},{"geoRegion":"SS","geoLevel":"ISO2","type":"COVID19IntQua","version":"2021-04-26_00-00-00"},{"geoRegion":"ST","geoLevel":"ISO2","quarantineStart":"2020-08-08","quarantineEnd":"2020-08-20","type":"COVID19IntQua","version":"2021-04-26_00-00-00"},{"geoRegion":"SV","geoLevel":"ISO2","quarantineStart":"2020-07-23","quarantineEnd":"2020-09-07","type":"COVID19IntQua","version":"2021-04-26_00-00-00"},{"geoRegion":"SX","geoLevel":"ISO2","quarantineStart":"2021-01-15","type":"COVID19IntQua","version":"2021-04-26_00-00-00"},{"geoRegion":"SY","geoLevel":"ISO2","type":"COVID19IntQua","version":"2021-04-26_00-00-00"},{"geoRegion":"SZ","geoLevel":"ISO2","quarantineStart":"2020-07-23","quarantineEnd":"2020-09-07","type":"COVID19IntQua","version":"2021-04-26_00-00-00"},{"geoRegion":"TC","geoLevel":"ISO2","quarantineStart":"2020-07-06","quarantineEnd":"2020-10-29","type":"COVID19IntQua","version":"2021-04-26_00-00-00"},{"geoRegion":"TD","geoLevel":"ISO2","type":"COVID19IntQua","version":"2021-04-26_00-00-00"},{"geoRegion":"TF","geoLevel":"ISO2","type":"COVID19IntQua","version":"2021-04-26_00-00-00"},{"geoRegion":"TG","geoLevel":"ISO2","type":"COVID19IntQua","version":"2021-04-26_00-00-00"},{"geoRegion":"TH","geoLevel":"ISO2","type":"COVID19IntQua","version":"2021-04-26_00-00-00"},{"geoRegion":"TJ","geoLevel":"ISO2","type":"COVID19IntQua","version":"2021-04-26_00-00-00"},{"geoRegion":"TK","geoLevel":"ISO2","type":"COVID19IntQua","version":"2021-04-26_00-00-00"},{"geoRegion":"TL","geoLevel":"ISO2","type":"COVID19IntQua","version":"2021-04-26_00-00-00"},{"geoRegion":"TM","geoLevel":"ISO2","type":"COVID19IntQua","version":"2021-04-26_00-00-00"},{"geoRegion":"TN","geoLevel":"ISO2","quarantineStart":"2020-10-12","quarantineEnd":"2020-10-29","type":"COVID19IntQua","version":"2021-04-26_00-00-00"},{"geoRegion":"TO","geoLevel":"ISO2","type":"COVID19IntQua","version":"2021-04-26_00-00-00"},{"geoRegion":"TR","geoLevel":"ISO2","quarantineStart":"2021-04-19","type":"COVID19IntQua","version":"2021-04-26_00-00-00"},{"geoRegion":"TT","geoLevel":"ISO2","quarantineStart":"2020-09-07","quarantineEnd":"2020-10-12","type":"COVID19IntQua","version":"2021-04-26_00-00-00"},{"geoRegion":"TV","geoLevel":"ISO2","type":"COVID19IntQua","version":"2021-04-26_00-00-00"},{"geoRegion":"TW","geoLevel":"ISO2","type":"COVID19IntQua","version":"2021-04-26_00-00-00"},{"geoRegion":"TZ","geoLevel":"ISO2","quarantineStart":"2021-04-05","type":"COVID19IntQua","version":"2021-04-26_00-00-00"},{"geoRegion":"UA","geoLevel":"ISO2","quarantineStart":"2021-04-05","type":"COVID19IntQua","version":"2021-04-26_00-00-00"},{"geoRegion":"UG","geoLevel":"ISO2","type":"COVID19IntQua","version":"2021-04-26_00-00-00"},{"geoRegion":"UM","geoLevel":"ISO2","type":"COVID19IntQua","version":"2021-04-26_00-00-00"},{"geoRegion":"US","geoLevel":"ISO2","quarantineStart":"2020-12-14","quarantineEnd":"2021-03-25","type":"COVID19IntQua","version":"2021-04-26_00-00-00"},{"geoRegion":"UY","geoLevel":"ISO2","quarantineStart":"2021-03-22","type":"COVID19IntQua","version":"2021-04-26_00-00-00"},{"geoRegion":"UZ","geoLevel":"ISO2","type":"COVID19IntQua","version":"2021-04-26_00-00-00"},{"geoRegion":"VA","geoLevel":"ISO2","type":"COVID19IntQua","version":"2021-04-26_00-00-00"},{"geoRegion":"VC","geoLevel":"ISO2","quarantineStart":"2021-02-22","quarantineEnd":"2021-03-11","type":"COVID19IntQua","version":"2021-04-26_00-00-00"},{"geoRegion":"VE","geoLevel":"ISO2","type":"COVID19IntQua","version":"2021-04-26_00-00-00"},{"geoRegion":"VG","geoLevel":"ISO2","quarantineStart":"2020-09-14","quarantineEnd":"2020-10-29","type":"COVID19IntQua","version":"2021-04-26_00-00-00"},{"geoRegion":"VI","geoLevel":"ISO2","type":"COVID19IntQua","version":"2021-04-26_00-00-00"},{"geoRegion":"VN","geoLevel":"ISO2","type":"COVID19IntQua","version":"2021-04-26_00-00-00"},{"geoRegion":"VU","geoLevel":"ISO2","type":"COVID19IntQua","version":"2021-04-26_00-00-00"},{"geoRegion":"WF","geoLevel":"ISO2","type":"COVID19IntQua","version":"2021-04-26_00-00-00"},{"geoRegion":"WS","geoLevel":"ISO2","type":"COVID19IntQua","version":"2021-04-26_00-00-00"},{"geoRegion":"XK","geoLevel":"NUTS-1","quarantineStart":"2021-03-22","type":"COVID19IntQua","version":"2021-04-26_00-00-00"},{"geoRegion":"YE","geoLevel":"ISO2","type":"COVID19IntQua","version":"2021-04-26_00-00-00"},{"geoRegion":"YT","geoLevel":"ISO2","type":"COVID19IntQua","version":"2021-04-26_00-00-00"},{"geoRegion":"ZA","geoLevel":"ISO2","quarantineStart":"2020-12-14","type":"COVID19IntQua","version":"2021-04-26_00-00-00"},{"geoRegion":"ZM","geoLevel":"ISO2","type":"COVID19IntQua","version":"2021-04-26_00-00-00"},{"geoRegion":"ZW","geoLevel":"ISO2","type":"COVID19IntQua","version":"2021-04-26_00-00-00"}]